{"results": {"mtc1.time_atwork_subtour_destination.time_component": {"result": [74.414741], "samples": [[75.32566239999998, 73.97005910000001, 74.71473560000001, 74.1147464]], "stats": [{"ci_99": [73.02125275840478, 76.04134899159523], "q_25": 74.078574575, "q_75": 74.8674673, "min": 73.97005910000001, "max": 75.32566239999998, "mean": 74.531300875, "std": 0.5369284150107418, "repeat": 4, "number": 1}]}, "mtc1.time_atwork_subtour_frequency.time_component": {"result": [4.02511], "samples": [[3.9352090000000004, 3.9913436000000004, 4.042565099999997, 4.0305894, 4.019630599999999, 4.1625528]], "stats": [{"ci_99": [3.9312822904282454, 4.1625528], "q_25": 3.99841535, "q_75": 4.039571174999998, "min": 3.9352090000000004, "max": 4.1625528, "mean": 4.030315083333333, "std": 0.06869625614676082, "repeat": 6, "number": 1}]}, "mtc1.time_atwork_subtour_mode_choice.time_component": {"result": [7.725986950000001], "samples": [[8.263607400000001, 7.632199800000002, 7.781112400000001, 7.670861500000001]], "stats": [{"ci_99": [7.201098839966547, 8.472791710033453], "q_25": 7.661196075000001, "q_75": 7.901736150000001, "min": 7.632199800000002, "max": 8.263607400000001, "mean": 7.8369452750000015, "std": 0.2523204355038982, "repeat": 4, "number": 1}]}, "mtc1.time_atwork_subtour_scheduling.time_component": {"result": [14.697993199999999], "samples": [[14.7136496, 14.457543599999994, 14.682336799999998, 14.800647699999999]], "stats": [{"ci_99": [14.334197798433031, 14.992891051566964], "q_25": 14.626138499999996, "q_75": 14.735399125, "min": 14.457543599999994, "max": 14.800647699999999, "mean": 14.663544424999998, "std": 0.12658725235616108, "repeat": 4, "number": 1}]}, "mtc1.time_auto_ownership_simulate.time_component": {"result": [1.5323905000000018], "samples": [[1.5384734999999985, 1.4829198000000012, 1.4305060000000012, 1.5758513, 1.436300899999999, 1.3838052999999988, 1.4237987000000025, 1.4437311000000008, 1.4352042000000012, 1.5305066000000025, 1.5889127999999992, 1.5575530999999998, 1.5062589000000024, 1.6336978000000002, 1.5649516999999982, 1.625377099999998, 1.6198833000000015, 1.518292800000001, 1.5662453999999997, 1.534274400000001]], "stats": [{"ci_99": [1.4352042000000012, 1.5889127999999992], "q_25": 1.4418735500000004, "q_75": 1.5686468749999998, "min": 1.3838052999999988, "max": 1.6336978000000002, "mean": 1.5198272350000004, "std": 0.07262686642287565, "repeat": 20, "number": 1}]}, "mtc1.time_cdap_simulate.time_component": {"result": [12.299935500000002], "samples": [[12.1612555, 12.027142599999998, 12.474116099999996, 12.438615500000004]], "stats": [{"ci_99": [11.733093588872357, 12.817471261127645], "q_25": 12.127727275, "q_75": 12.447490650000002, "min": 12.027142599999998, "max": 12.474116099999996, "mean": 12.275282424999999, "std": 0.18760865923442127, "repeat": 4, "number": 1}]}, "mtc1.time_free_parking.time_component": {"result": [3.2938325499999994], "samples": [[3.2404003999999986, 3.2626461000000013, 3.2333356, 3.4608580000000018, 3.283593700000001, 3.304071399999998, 3.244974899999999, 3.360486699999999, 3.4443860000000015, 3.4841845000000013]], "stats": [{"ci_99": [3.2333356, 3.4841845000000013], "q_25": 3.2493926999999996, "q_75": 3.423411175000001, "min": 3.2333356, "max": 3.4841845000000013, "mean": 3.33189373, "std": 0.09318699316127889, "repeat": 10, "number": 1}]}, "mtc1.time_joint_tour_composition.time_component": {"result": [1.0971543500000003], "samples": [[1.1397265999999995, 1.1196126, 1.2252596000000011, 1.1603193999999988, 1.1932566999999992, 1.1705546000000027, 1.1334525999999983, 1.0539701000000008, 1.0006661999999977, 1.012354700000003, 1.0005226, 1.0746961000000006, 0.9832905000000025, 1.0625464000000022]], "stats": [{"ci_99": [1.0005226, 1.1932566999999992], "q_25": 1.0227585500000025, "q_75": 1.155171199999999, "min": 0.9832905000000025, "max": 1.2252596000000011, "mean": 1.0950163357142861, "std": 0.07604742493968177, "repeat": 14, "number": 1}]}, "mtc1.time_joint_tour_destination.time_component": {"result": [22.9748442], "samples": [[23.130515600000003, 23.074518199999993, 22.822535300000006, 22.875170200000007]], "stats": [{"ci_99": [22.598389925670052, 23.352979724329952], "q_25": 22.862011475000003, "q_75": 23.08851754999999, "min": 22.822535300000006, "max": 23.130515600000003, "mean": 22.975684825000002, "std": 0.12970984132632715, "repeat": 4, "number": 1}]}, "mtc1.time_joint_tour_frequency.time_component": {"result": [2.9870278], "samples": [[3.0206897, 2.9514437000000022, 2.9898798000000006, 2.8389896000000014, 3.0477586999999993, 2.984175799999999, 3.080251099999998, 2.878983799999993]], "stats": [{"ci_99": [2.8389896000000014, 3.080251099999998], "q_25": 2.933328725, "q_75": 3.02745695, "min": 2.8389896000000014, "max": 3.080251099999998, "mean": 2.9740215249999995, "std": 0.07667296985440446, "repeat": 8, "number": 1}]}, "mtc1.time_joint_tour_participation.time_component": {"result": [10.959368849999999], "samples": [[10.942161899999999, 10.785829, 10.976575799999999, 11.069911000000005]], "stats": [{"ci_99": [10.669794939336422, 11.217443910663578], "q_25": 10.903078674999998, "q_75": 10.9999096, "min": 10.785829, "max": 11.069911000000005, "mean": 10.943619425000001, "std": 0.10239095073531736, "repeat": 4, "number": 1}]}, "mtc1.time_joint_tour_scheduling.time_component": {"result": [6.975977550000001], "samples": [[6.951980300000002, 6.811791700000004, 6.9999748, 7.049814099999999]], "stats": [{"ci_99": [6.716166060647956, 7.190614389352045], "q_25": 6.916933150000003, "q_75": 7.012434625, "min": 6.811791700000004, "max": 7.049814099999999, "mean": 6.9533902250000015, "std": 0.08876910564580756, "repeat": 4, "number": 1}]}, "mtc1.time_mandatory_tour_frequency.time_component": {"result": [5.295798600000001], "samples": [[5.3047869, 5.250451499999997, 5.260533899999999, 5.286810300000003, 5.394529899999998, 5.315827899999999]], "stats": [{"ci_99": [5.231248650563396, 5.394529899999998], "q_25": 5.267103, "q_75": 5.313067649999999, "min": 5.250451499999997, "max": 5.394529899999998, "mean": 5.302156733333333, "std": 0.04720173887961006, "repeat": 6, "number": 1}]}, "mtc1.time_mandatory_tour_scheduling.time_component": {"result": [454.06813759999994], "samples": [[462.5506234, 460.63586499999985, 442.4462032, 447.50041020000003]], "stats": [{"ci_99": [428.5333488372732, 478.03320206272656], "q_25": 446.23685845, "q_75": 461.1145545999999, "min": 442.4462032, "max": 462.5506234, "mean": 453.28327544999996, "std": 8.526839633892989, "repeat": 4, "number": 1}]}, "mtc1.time_non_mandatory_tour_destination.time_component": {"result": [391.71615360000004], "samples": [[388.12542729999996, 395.0192217, 390.81194500000004, 392.62036220000005]], "stats": [{"ci_99": [384.63859282665663, 398.64988527334344], "q_25": 390.14031557500005, "q_75": 393.22007707500006, "min": 388.12542729999996, "max": 395.0192217, "mean": 391.64423905, "std": 2.520817020797561, "repeat": 4, "number": 1}]}, "mtc1.time_non_mandatory_tour_frequency.time_component": {"result": [124.07211480000002], "samples": [[128.03675740000003, 128.1409339, 119.37660769999997, 120.10747220000002]], "stats": [{"ci_99": [111.69142553280857, 136.1394600671914], "q_25": 119.924756075, "q_75": 128.062801525, "min": 119.37660769999997, "max": 128.1409339, "mean": 123.9154428, "std": 4.181556923677145, "repeat": 4, "number": 1}]}, "mtc1.time_non_mandatory_tour_scheduling.time_component": {"result": [135.53456025000003], "samples": [[135.13547570000003, 134.2822046, 135.93364480000002, 136.9777388]], "stats": [{"ci_99": [132.80084174194883, 138.36369020805122], "q_25": 134.92215792500002, "q_75": 136.19466830000002, "min": 134.2822046, "max": 136.9777388, "mean": 135.582265975, "std": 0.9950618840772305, "repeat": 4, "number": 1}]}, "mtc1.time_school_location.time_component": {"result": [142.5634148], "samples": [[144.2940784, 144.55712339999997, 140.6504378, 140.83275120000002]], "stats": [{"ci_99": [137.18834434637904, 147.97885105362096],