{"results": {"mtc1.time_atwork_subtour_destination.time_component": {"result": [76.24795520000002], "stats": [{"ci_99": [73.22194391104486, 79.92469998895513], "q_25": 75.49335462500001, "q_75": 77.32792252500002, "min": 75.45877849999998, "max": 78.3385989, "mean": 76.57332195000001, "std": 1.1910560819982856, "repeat": 4, "number": 1}]}, "mtc1.time_atwork_subtour_frequency.time_component": {"result": [4.743048449999998], "stats": [{"ci_99": [4.5519134626637126, 4.948669237336286], "q_25": 4.708315399999998, "q_75": 4.785024399999998, "min": 4.656309799999999, "max": 4.858758699999999, "mean": 4.750291349999999, "std": 0.07298627837903862, "repeat": 4, "number": 1}]}, "mtc1.time_atwork_subtour_mode_choice.time_component": {"result": [8.037208249999997], "stats": [{"ci_99": [7.350588489173145, 8.840658560826851], "q_25": 7.852901324999998, "q_75": 8.279930449999998, "min": 7.8431738999999965, "max": 8.4649037, "mean": 8.095623524999997, "std": 0.2610038407882774, "repeat": 4, "number": 1}]}, "mtc1.time_atwork_subtour_scheduling.time_component": {"result": [19.49849065], "stats": [{"ci_99": [18.650044106873157, 20.43079064312684], "q_25": 19.327638875, "q_75": 19.71126915, "min": 19.142084300000008, "max": 20.0226039, "mean": 19.540417375000004, "std": 0.3234389019077258, "repeat": 4, "number": 1}]}, "mtc1.time_auto_ownership_simulate.time_component": {"result": [2.0398926000000017], "stats": [{"ci_99": [1.9183421999999979, 2.252191200000002], "q_25": 1.9770502499999996, "q_75": 2.2275090000000013, "min": 1.9001640000000002, "max": 2.3091779999999993, "mean": 2.0967451733333333, "std": 0.14264147540453348, "repeat": 15, "number": 1}]}, "mtc1.time_cdap_simulate.time_component": {"result": [13.006971350000004], "stats": [{"ci_99": [12.539314720671197, 13.414773379328807], "q_25": 12.880640325000003, "q_75": 13.103375075000002, "min": 12.746906700000004, "max": 13.147326799999998, "mean": 12.977044050000003, "std": 0.15581868987144035, "repeat": 4, "number": 1}]}, "mtc1.time_free_parking.time_component": {"result": [3.6974272], "stats": [{"ci_99": [3.5978448000000007, 4.154163400000002], "q_25": 3.658269999999998, "q_75": 3.893917599999998, "min": 3.5978448000000007, "max": 4.154163400000002, "mean": 3.796143933333332, "std": 0.17445677477688729, "repeat": 9, "number": 1}]}, "mtc1.time_joint_tour_composition.time_component": {"result": [1.752358400000002], "stats": [{"ci_99": [1.6074264000000014, 1.8745502000000016], "q_25": 1.6491289999999985, "q_75": 1.8100404, "min": 1.6074264000000014, "max": 1.8745502000000016, "mean": 1.7334919272727272, "std": 0.08816474327279825, "repeat": 11, "number": 1}]}, "mtc1.time_joint_tour_destination.time_component": {"result": [37.48879670000001], "stats": [{"ci_99": [33.75528634982321, 41.17415540017683], "q_25": 36.34566135, "q_75": 38.607856225, "min": 35.95053299999999, "max": 38.930757099999994, "mean": 37.464720875, "std": 1.273690614600906, "repeat": 4, "number": 1}]}, "mtc1.time_joint_tour_frequency.time_component": {"result": [3.523013350000003], "stats": [{"ci_99": [3.4557772, 3.658481000000002], "q_25": 3.4839314500000005, "q_75": 3.5806963000000023, "min": 3.4557772, "max": 3.658481000000002, "mean": 3.5397805375000018, "std": 0.06922791055609318, "repeat": 8, "number": 1}]}, "mtc1.time_joint_tour_participation.time_component": {"result": [11.069756600000002], "stats": [{"ci_99": [10.906486170683722, 11.19020687931628], "q_25": 11.040233400000002, "q_75": 11.077869725, "min": 10.952617500000002, "max": 11.1012554, "mean": 11.048346525000001, "std": 0.056745880962954326, "repeat": 4, "number": 1}]}, "mtc1.time_joint_tour_scheduling.time_component": {"result": [13.694652199999998], "stats": [{"ci_99": [13.525037285121511, 13.836405064878488], "q_25": 13.66060255, "q_75": 13.714770824999997, "min": 13.586081800000002, "max": 13.747498499999999, "mean": 13.680721174999999, "std": 0.0591049816985987, "repeat": 4, "number": 1}]}, "mtc1.time_mandatory_tour_frequency.time_component": {"result": [5.891306999999999], "stats": [{"ci_99": [5.687062276308899, 6.135644223691097], "q_25": 5.794397674999998, "q_75": 6.0302628249999985, "min": 5.751981000000001, "max": 6.094848499999998, "mean": 5.911353249999999, "std": 0.13197853054102782, "repeat": 6, "number": 1}]}, "mtc1.time_mandatory_tour_scheduling.time_component": {"result": [505.67238895], "stats": [{"ci_99": [493.061950934182, 518.059476715818], "q_25": 502.29676582499997, "q_75": 508.93633695000005, "min": 499.8345092999999, "max": 511.0635681000001, "mean": 505.560713825, "std": 4.363212613528414, "repeat": 4, "number": 1}]}, "mtc1.time_non_mandatory_tour_destination.time_component": {"result": [395.4388571], "stats": [{"ci_99": [385.4702958024502, 404.6461560475498], "q_25": 392.8580833500001, "q_75": 397.6389996749999, "min": 390.2201874, "max": 399.13500210000007, "mean": 395.058225925, "std": 3.395088951891959, "repeat": 4, "number": 1}]}, "mtc1.time_non_mandatory_tour_frequency.time_component": {"result": [130.7698158], "stats": [{"ci_99": [126.77862089119955, 134.65560590880045], "q_25": 129.87056455000004, "q_75": 131.61636464999998, "min": 128.73250360000003, "max": 132.59631839999997, "mean": 130.71711340000002, "std": 1.4156473435485104, "repeat": 4, "number": 1}]}, "mtc1.time_non_mandatory_tour_scheduling.time_component": {"result": [154.14481469999998], "stats": [{"ci_99": [152.36693509311453, 155.49242295688543], "q_25": 153.81487664999997, "q_75": 154.259617075, "min": 152.89476929999998, "max": 154.5343174, "mean": 153.92967902499998, "std": 0.6185208579652689, "repeat": 4, "number": 1}]}, "mtc1.time_school_location.time_component": {"result": [148.04071405], "stats": [{"ci_99": [145.52829291314424, 150.69795578685577], "q_25": 147.323936275, "q_75": 148.829902125, "min": 147.10363690000003, "max": 149.26743240000002, "mean": 148.11312435000002, "std": 0.8929954040281637, "repeat": 4, "number": 1}]}, "mtc1.time_stop_frequency.time_component": {"result": [22.1387095], "stats": [{"ci_99": [21.74152043237236, 22.53607391762764], "q_25": 22.007517750000005, "q_75": 22.269988925, "min": 21.994522800000006, "max": 22.283246899999995, "mean": 22.138797175, "std": 0.13589315991988285, "repeat": 4, "number": 1}]}, "mtc1.time_tour_mode_choice_simulate.time_component": {"result": [59.34480409999999], "stats": [{"ci_99": [58.196484044913674, 60.30495655508631], "q_25": 59.045635774999994, "q_75": 59.549888624999994, "min": 58.6607879, "max": 59.65248509999999, "mean": 59.2507203, "std": 0.3826037633318075, "repeat": 4, "number": 1}]}, "mtc1.time_trip_destination.time_component": {"result": [996.3315272], "stats": [{"ci_99": [957.6463506379787, 1040.5769073620215], "q_25": 991.083740425, "q_75": 1004.3594157750001, "min": 980.1111082000001, "max": 1023.6723534, "mean": 999.111629, "std": 15.69047999146711, "repeat": 4, "number": 1}]}, "mtc1.time_trip_mode_choice.time_component": {"result": [105.6490066], "stats": [{"ci_99": [98.66985715986817, 111.93089234013178], "q_25": 103.63133812499998, "q_75": 107.31804322500003, "min": 102.0832038, "max": 107.82028199999999, "mean": 105.30037475, "std": 2.315866861274557, "repeat": 4, "number": 1}]}, "mtc1.time_trip_purpose.time_component": {"result": [3.438526450000003], "stats": [{"ci_99": [3.272738240647234, 3.6024070093527727], "q_25": 3.391614825000003, "q_75": 3.484484250000004, "min": 3.3655536000000055, "max": 3.5076840000000047, "mean": 3.437572625000004, "std": 0.057066620882980895, "repeat": 4, "number": 1}]}, "mtc1.time_trip_purpose_and_destination.time_component": {"result": [4.9372147500000025], "stats": [{"ci_99": [4.755914050423828, 5.115151149576169], "q_25": 4.910718225000001, "q_75": 4.962029125000001, "min": 4.838540399999996, "max": 5.029160499999996, "mean": 4.935532599999999, "std": 0.06743739717623319, "repeat": 4, "number": 1}]}, "mtc1.time_trip_scheduling.time_component": {"result": [541.9955764499999], "stats": [{"ci_99": [404.6708078179213, 677.5631357320784], "q_25": 495.5047614249999,