{"results": {"mtc1.time_atwork_subtour_destination.time_component": {"result": [78.8242936], "stats": [{"ci_99": [75.63774171428675, 81.70708748571326], "q_25": 78.05199295, "q_75": 79.44471525, "min": 77.05549, "max": 79.9855812, "mean": 78.6724146, "std": 1.092293488273722, "repeat": 4, "number": 1}]}, "mtc1.time_atwork_subtour_frequency.time_component": {"result": [4.679191599999999], "stats": [{"ci_99": [4.601193699999996, 4.717469466995844], "q_25": 4.6785852000000006, "q_75": 4.683837500000003, "min": 4.601193699999996, "max": 4.689960799999998, "mean": 4.666553759999999, "std": 0.03293334231897064, "repeat": 5, "number": 1}]}, "mtc1.time_atwork_subtour_mode_choice.time_component": {"result": [7.864316500000001], "stats": [{"ci_99": [7.7172574835078525, 8.017510016492148], "q_25": 7.820782525, "q_75": 7.910917725000001, "min": 7.809272499999999, "max": 7.9316295, "mean": 7.86738375, "std": 0.05165994838685511, "repeat": 4, "number": 1}]}, "mtc1.time_atwork_subtour_scheduling.time_component": {"result": [19.0712474], "stats": [{"ci_99": [18.72483522886982, 19.450702571130183], "q_25": 18.980369500000002, "q_75": 19.178646800000003, "min": 18.9449458, "max": 19.263635000000008, "mean": 19.0877689, "std": 0.12686348247951643, "repeat": 4, "number": 1}]}, "mtc1.time_auto_ownership_simulate.time_component": {"result": [2.232487849999999], "stats": [{"ci_99": [2.1589414999999974, 2.2753362000000017], "q_25": 2.1788187750000008, "q_75": 2.271672624999999, "min": 2.1482315000000014, "max": 2.2893530999999996, "mean": 2.2254620214285707, "std": 0.04882304152490993, "repeat": 14, "number": 1}]}, "mtc1.time_cdap_simulate.time_component": {"result": [12.690970149999998], "stats": [{"ci_99": [12.377910611394032, 13.038444188605965], "q_25": 12.604272524999999, "q_75": 12.794875025, "min": 12.586812899999998, "max": 12.863956400000003, "mean": 12.7081774, "std": 0.11475085892543588, "repeat": 4, "number": 1}]}, "mtc1.time_free_parking.time_component": {"result": [3.672065700000001], "stats": [{"ci_99": [3.5848907000000025, 3.942762600000002], "q_25": 3.610784800000001, "q_75": 3.8285747999999984, "min": 3.5848907000000025, "max": 3.942762600000002, "mean": 3.7318607333333347, "std": 0.13186222967712208, "repeat": 9, "number": 1}]}, "mtc1.time_joint_tour_composition.time_component": {"result": [1.7339569500000014], "stats": [{"ci_99": [1.5209335000000017, 1.8554358999999998], "q_25": 1.5985170000000002, "q_75": 1.812910200000001, "min": 1.4834756999999996, "max": 1.8624801000000026, "mean": 1.6979384916666673, "std": 0.1309372630243876, "repeat": 12, "number": 1}]}, "mtc1.time_joint_tour_destination.time_component": {"result": [37.308623049999994], "stats": [{"ci_99": [35.27057405955335, 39.42467244044664], "q_25": 36.704686425, "q_75": 37.951559875, "min": 36.539883, "max": 38.2333639, "mean": 37.34762325, "std": 0.71463794384671, "repeat": 4, "number": 1}]}, "mtc1.time_joint_tour_frequency.time_component": {"result": [3.4210528], "stats": [{"ci_99": [3.362653999999999, 3.5197509999999994], "q_25": 3.4138984249999984, "q_75": 3.4936097250000033, "min": 3.362653999999999, "max": 3.5197509999999994, "mean": 3.443007975, "std": 0.050881303539359754, "repeat": 8, "number": 1}]}, "mtc1.time_joint_tour_participation.time_component": {"result": [11.149646449999999], "stats": [{"ci_99": [10.753163461897895, 11.599439988102105], "q_25": 11.04848245, "q_75": 11.277465724999999, "min": 11.0167195, "max": 11.389194499999999, "mean": 11.176301724999998, "std": 0.14884469919386323, "repeat": 4, "number": 1}]}, "mtc1.time_joint_tour_scheduling.time_component": {"result": [13.098424200000002], "stats": [{"ci_99": [12.940220349997492, 13.277279950002512], "q_25": 13.079369850000003, "q_75": 13.127804500000002, "min": 13.029839100000004, "max": 13.208313100000005, "mean": 13.108750150000004, "std": 0.0639646976879246, "repeat": 4, "number": 1}]}, "mtc1.time_mandatory_tour_frequency.time_component": {"result": [5.838916849999997], "stats": [{"ci_99": [5.660257570926993, 5.974294462406337], "q_25": 5.753502350000001, "q_75": 5.903710174999998, "min": 5.6629185, "max": 5.912565099999998, "mean": 5.817276016666665, "std": 0.09376881013749296, "repeat": 6, "number": 1}]}, "mtc1.time_mandatory_tour_scheduling.time_component": {"result": [485.31875954999987], "stats": [{"ci_99": [475.341857417563, 498.59647223243695], "q_25": 483.36781035, "q_75": 488.9201140249999, "min": 483.2832039000001, "max": 493.9559363, "mean": 486.969164825, "std": 4.337132438736553, "repeat": 4, "number": 1}]}, "mtc1.time_non_mandatory_tour_destination.time_component": {"result": [397.02719845], "stats": [{"ci_99": [390.26101018026776, 402.21861376973226], "q_25": 395.49676705, "q_75": 397.770243375, "min": 392.43328690000004, "max": 398.47156409999997, "mean": 396.23981197499995, "std": 2.303748045681903, "repeat": 4, "number": 1}]}, "mtc1.time_non_mandatory_tour_frequency.time_component": {"result": [131.07134109999998], "stats": [{"ci_99": [123.177033981329, 139.60065241867107], "q_25": 128.62850550000002, "q_75": 133.8316788, "min": 128.57260590000004, "max": 134.8400847, "mean": 131.3888432, "std": 2.8194587308814114, "repeat": 4, "number": 1}]}, "mtc1.time_non_mandatory_tour_scheduling.time_component": {"result": [157.05005875], "stats": [{"ci_99": [155.93127510673455, 158.00254534326547], "q_25": 156.74053782500002, "q_75": 157.27643115, "min": 156.4165115, "max": 157.3510119, "mean": 156.966910225, "std": 0.369294767372219, "repeat": 4, "number": 1}]}, "mtc1.time_school_location.time_component": {"result": [145.30069715], "stats": [{"ci_99": [140.21054773623794, 150.19373016376204], "q_25": 143.65450832499997, "q_75": 146.848327775, "min": 143.21036469999999, "max": 146.9967968, "mean": 145.20213895, "std": 1.7099884145249453, "repeat": 4, "number": 1}]}, "mtc1.time_stop_frequency.time_component": {"result": [21.070099100000004], "stats": [{"ci_99": [20.049912874045393, 22.25801362595462], "q_25": 20.838031975000007, "q_75": 21.386030375000004, "min": 20.72666740000001, "max": 21.748987400000004, "mean": 21.153963250000004, "std": 0.39582491323172325, "repeat": 4, "number": 1}]}, "mtc1.time_tour_mode_choice_simulate.time_component": {"result": [60.26818694999999], "stats": [{"ci_99": [53.87474898298449, 66.97029951701548], "q_25": 58.23045709999999, "q_75": 62.46025409999999, "min": 58.127840599999985, "max": 63.025882499999994, "mean": 60.42252424999999, "std": 2.242705223488413, "repeat": 4, "number": 1}]}, "mtc1.time_trip_destination.time_component": {"result": [940.9282412500002], "stats": [{"ci_99": [937.5666544833849, 945.2708037666151], "q_25": 940.2534397750001, "q_75": 942.0935306, "min": 940.1242054000002, "max": 943.6942285999999, "mean": 941.418729125, "std": 1.4259203193224252, "repeat": 4, "number": 1}]}, "mtc1.time_trip_mode_choice.time_component": {"result": [100.09241554999998], "stats": [{"ci_99": [97.44559669496472, 102.80718975503525], "q_25": 99.21539009999996, "q_75": 101.003418675, "min": 99.20224109999998, "max": 101.1185007, "mean": 100.12639322499999, "std": 0.9170132289086395, "repeat": 4, "number": 1}]}, "mtc1.time_trip_purpose.time_component": {"result": [3.2442987], "stats": [{"ci_99": [3.058541443193878, 3.4111566068061223], "q_25": 3.1852873750000024, "q_75": 3.2938603499999983, "min": 3.156223000000004, "max": 3.2945756999999993, "mean": 3.234849025000001, "std": 0.06081421779803301, "repeat": 4, "number": 1}]}, "mtc1.time_trip_purpose_and_destination.time_component": {"result": [5.213129200000001], "stats": [{"ci_99": [4.627634900498334, 5.831450749501665], "q_25": 5.039255475, "q_75": 5.403416550000001, "min": 5.002838399999998, "max": 5.489074500000001, "mean": 5.229542825, "std": 0.20712715127570125, "repeat": 4, "number": 1}]}, "mtc1.time_trip_scheduling.time_component": {"result": [578.90570135], "stats": [{"ci_99": [522.8584940562196, 634.3347252937808], "q_25": 560.0477156750001, "q_75": 597.4545953499999, "min": 558.5495702000001,