{"results": {"sandag1.time_auto_ownership_simulate.time_component": {"result": [1.7767679495000053], "samples": [[1.7326136829999967, 1.6564912110000023, 1.6558941730000072, 1.654954318999998, 1.8687746840000017, 1.720801606000009, 1.6528007990000049, 1.651844471000004, 1.6642834149999999, 1.6686599069999914, 1.7971319950000009, 1.795146767999995, 1.7938743360000018, 1.7825435390000024, 1.7944922979999944, 1.7986733399999935, 1.7860736720000006, 1.7709923600000081, 1.794414830000008, 1.791445670999991]], "stats": [{"ci_99": [1.6558941730000072, 1.795146767999995], "q_25": 1.6623353640000005, "q_75": 1.7944341970000046, "min": 1.651844471000004, "max": 1.8687746840000017, "mean": 1.7415953538500006, "std": 0.06728799131952533, "repeat": 20, "number": 1}]}, "sandag1.time_cdap_simulate.time_component": {"result": [7.516485307499998], "samples": [[6.342623696999993, 6.293813118000003, 11.771646384999997, 8.690346918000003]], "stats": [{"ci_99": [2.1319822495617196, 14.417232809438229], "q_25": 6.330421052249996, "q_75": 9.460671784750001, "min": 6.293813118000003, "max": 11.771646384999997, "mean": 8.274607529499999, "std": 2.239320657347788, "repeat": 4, "number": 1}]}, "sandag1.time_free_parking.time_component": {"result": [1.9063679969999896], "samples": [[3.157994933999987, 3.158950817999994, 3.131733753999981, 3.1564166370000066, 1.9063679969999896, 1.904369413000012, 1.9623465829999986, 1.8866550820000043, 1.8855473799999913, 1.9506654009999949, 1.8824010240000035, 1.8858781770000093, 1.8890864179999909, 1.9316354500000017, 1.8845705720000012]], "stats": [{"ci_99": [1.8855473799999913, 3.1564166370000066], "q_25": 1.8862666295000068, "q_75": 2.54704016849999, "min": 1.8824010240000035, "max": 3.158950817999994, "mean": 2.2383079759999975, "std": 0.5510742681800787, "repeat": 15, "number": 1}]}, "sandag1.time_school_location.time_component": {"result": [54.44974112850001], "samples": [[54.831508162999995, 54.32446281200001, 54.23623041100001, 54.57501944500001]], "stats": [{"ci_99": [53.837375306271895, 55.146235109228115], "q_25": 54.30240471175001, "q_75": 54.639141624500006, "min": 54.23623041100001, "max": 54.831508162999995, "mean": 54.491805207750005, "std": 0.23218778027483913, "repeat": 4, "number": 1}]}, "sandag1.time_workplace_location.time_component": {"result": [126.53287044050003], "samples": [[126.65621384000002, 126.09359549599998, 126.61694161100002, 126.44879927000005]], "stats": [{"ci_99": [125.86245073719948, 127.04532437130055], "q_25": 126.35999832650003, "q_75": 126.62675966825002, "min": 126.09359549599998, "max": 126.65621384000002, "mean": 126.45388755425002, "std": 0.22212542020370057, "repeat": 4, "number": 1}]}}, "params": {"arch": "AMD64", "cpu": "Intel(R) Xeon(R) CPU E5-2699 2 @2.30GHz (2 processors)", "machine": "CAMHPC01", "num_cpu": "72", "os": "Windows 2012ServerR2", "ram": "256", "python": "3.9", "coverage": "", "cytoolz": "", "numba": "", "numpy": "", "openmatrix": "", "orca": "", "pandas": "", "psutil": "", "pyarrow": "", "pytables": "", "pytest": "", "pyyaml": "", "requests": "", "ruamel.yaml": "", "toolz": ""}, "requirements": {"coverage": "", "cytoolz": "", "numba": "", "numpy": "", "openmatrix": "", "orca": "", "pandas": "", "psutil": "", "pyarrow": "", "pytables": "", "pytest": "", "pyyaml": "", "requests": "", "ruamel.yaml": "", "toolz": ""}, "commit_hash": "1db6e1c764871714c958e1c00319301f451e44f8", "date": 1631543233000, "env_name": "conda-py3.9-coverage-cytoolz-numba-numpy-openmatrix-orca-pandas-psutil-pyarrow-pytables-pytest-pyyaml-requests-ruamel.yaml-toolz", "python": "3.9", "profiles": {}, "started_at": {"sandag1.time_auto_ownership_simulate.time_component": 1631619220651, "sandag1.time_cdap_simulate.time_component": 1631619349997, "sandag1.time_free_parking.time_component": 1631619489452, "sandag1.time_school_location.time_component": 1631619620499, "sandag1.time_workplace_location.time_component": 1631619882371}, "ended_at": {"sandag1.time_auto_ownership_simulate.time_component": 1631619349997, "sandag1.time_cdap_simulate.time_component": 1631619489452, "sandag1.time_free_parking.time_component": 1631619620499, "sandag1.time_school_location.time_component": 1631619882371, "sandag1.time_workplace_location.time_component": 1631620363255}, "benchmark_version": {"sandag1.time_auto_ownership_simulate.time_component": "4026b996326d65f894988d4a9e86d1efc4feae467d90bbd2921483f58b51feb1", "sandag1.time_cdap_simulate.time_component": "4026b996326d65f894988d4a9e86d1efc4feae467d90bbd2921483f58b51feb1", "sandag1.time_free_parking.time_component": "4026b996326d65f894988d4a9e86d1efc4feae467d90bbd2921483f58b51feb1", "sandag1.time_school_location.time_component": "4026b996326d65f894988d4a9e86d1efc4feae467d90bbd2921483f58b51feb1", "sandag1.time_workplace_location.time_component": "4026b996326d65f894988d4a9e86d1efc4feae467d90bbd2921483f58b51feb1"}, "version": 1}