{"results": {"mtc1.time_atwork_subtour_destination.time_component": {"result": [45.6352679975], "samples": [[43.36553608599999, 45.904615408, 47.32332015899999, 45.365920587000005]], "stats": [{"ci_99": [41.66041538216467, 49.31928073783531], "q_25": 44.86582446175, "q_75": 46.25929159575, "min": 43.36553608599999, "max": 47.32332015899999, "mean": 45.48984806, "std": 1.4196576411429587, "repeat": 4, "number": 1}]}, "mtc1.time_atwork_subtour_frequency.time_component": {"result": [1.8884650369999996], "samples": [[1.8391721449999991, 1.8025153449999998, 1.798419869, 1.7896453620000017, 1.8612803570000018, 1.9440680550000007, 1.9277363760000021, 2.0028833560000017, 1.9359920059999993, 1.9156497169999973]], "stats": [{"ci_99": [1.7896453620000017, 2.0028833560000017], "q_25": 1.8116795449999996, "q_75": 1.9339280985, "min": 1.7896453620000017, "max": 2.0028833560000017, "mean": 1.8817362588000006, "std": 0.06978549023923479, "repeat": 10, "number": 1}]}, "mtc1.time_atwork_subtour_mode_choice.time_component": {"result": [4.630802622999999], "samples": [[4.335138783999998, 5.009317589000002, 4.618106521000001, 4.633319599, 4.644673544, 4.6282856469999984]], "stats": [{"ci_99": [4.335138783999998, 5.009317589000002], "q_25": 4.620651302500001, "q_75": 4.64183505775, "min": 4.335138783999998, "max": 5.009317589000002, "mean": 4.6448069473333335, "std": 0.1957380146904506, "repeat": 6, "number": 1}]}, "mtc1.time_atwork_subtour_scheduling.time_component": {"result": [8.234571176], "samples": [[8.238767975999998, 8.237804822000001, 8.196572525, 8.231337529999998]], "stats": [{"ci_99": [8.183449828506426, 8.268791597993573], "q_25": 8.222646278749998, "q_75": 8.2380456105, "min": 8.196572525, "max": 8.238767975999998, "mean": 8.22612071325, "std": 0.017297270436472105, "repeat": 4, "number": 1}]}, "mtc1.time_auto_ownership_simulate.time_component": {"result": [0.6912019575000006], "samples": [[0.7059134020000002, 0.7401416730000001, 0.7219618530000016, 0.6772381369999998, 0.6807335240000008, 0.6805072970000001, 0.7496019650000001, 0.718267393999998, 0.6756565399999985, 0.7103277499999976, 0.6960213189999997, 0.6848879570000008, 0.6797761250000001, 0.6863825960000014, 0.7010673799999996, 0.7011792230000005, 0.7027706570000003, 0.6831614769999987, 0.684377185999999, 0.6844620809999995]], "stats": [{"ci_99": [0.6805072970000001, 0.718267393999998], "q_25": 0.6825544887499992, "q_75": 0.7070169889999995, "min": 0.6756565399999985, "max": 0.7496019650000001, "mean": 0.6982217767999999, "std": 0.020549783195701644, "repeat": 20, "number": 1}]}, "mtc1.time_cdap_simulate.time_component": {"result": [7.2795612845000015], "samples": [[7.293604126000002, 7.265518443000001, 7.313304785, 7.242952800999998]], "stats": [{"ci_99": [7.202645715250441, 7.35504436224956], "q_25": 7.2598770325, "q_75": 7.298529290750001, "min": 7.242952800999998, "max": 7.313304785, "mean": 7.27884503875, "std": 0.02679158288088866, "repeat": 4, "number": 1}]}, "mtc1.time_free_parking.time_component": {"result": [1.4798500995000001], "samples": [[1.5436511489999987, 1.4826477479999998, 1.4179894999999991, 1.510674764000001, 1.4353056779999989, 1.4789518559999983, 1.520757372000002, 1.480748343000002, 1.4872200869999972, 1.5473166949999992, 1.4614688359999999, 1.4575054539999996, 1.4822610570000005, 1.4650159539999983, 1.4584973639999994, 1.5032777919999987, 1.4614713539999968, 1.4607896720000006, 1.4927910470000008, 1.4726446539999998]], "stats": [{"ci_99": [1.4584973639999994, 1.510674764000001], "q_25": 1.461299045, "q_75": 1.4954127332500002, "min": 1.4179894999999991, "max": 1.5473166949999992, "mean": 1.4810493187999996, "std": 0.03168603298219346, "repeat": 20, "number": 1}]}, "mtc1.time_joint_tour_composition.time_component": {"result": [0.4334367549999998], "samples": [[0.3962063810000007, 0.3978005249999992, 0.46524416399999957, 0.39496369800000153, 0.4064158930000019, 0.4228838770000003, 0.415345140000003, 0.37843684799999977, 0.390169365000002, 0.43777897900000085, 0.4395081189999992, 0.46036081500000137, 0.43514881199999955, 0.44839970900000026, 0.431724698, 0.42971819899999986, 0.435615655000003, 0.4561017559999989, 0.4416604409999998, 0.438313167999997]], "stats": [{"ci_99": [0.3962063810000007, 0.44839970900000026], "q_25": 0.40426205100000123, "q_75": 0.44004619949999935, "min": 0.37843684799999977, "max": 0.46524416399999957, "mean": 0.4260898121000004, "std": 0.024257257444614183, "repeat": 20, "number": 1}]}, "mtc1.time_joint_tour_destination.time_component": {"result": [13.763079765499999], "samples": [[13.005373565, 13.471165727999995, 14.13536732, 14.054993803000002]], "stats": [{"ci_99": [12.360107262586883, 14.973342945413124], "q_25": 13.354717687249996, "q_75": 14.075087182250002, "min": 13.005373565, "max": 14.13536732, "mean": 13.666725104, "std": 0.45989331287803203, "repeat": 4, "number": 1}]}, "mtc1.time_joint_tour_frequency.time_component": {"result": [1.5182417410000006], "samples": [[1.5047408550000014, 1.4296669560000002, 1.4630744799999995, 1.4563507820000012, 1.458306952000001, 1.463982914999999, 1.504241792000002, 1.5182417410000006, 1.6062702279999996, 1.6407203049999985, 1.691713601, 1.6934030769999993, 1.644110401999999, 1.6025167610000004, 1.6811765869999995]], "stats": [{"ci_99": [1.458306952000001, 1.6811765869999995], "q_25": 1.4635286974999993, "q_75": 1.6424153534999988, "min": 1.4296669560000002, "max": 1.6934030769999993, "mean": 1.5572344956000002, "std": 0.09375297821042008, "repeat": 15, "number": 1}]}, "mtc1.time_joint_tour_participation.time_component": {"result": [6.432075557000001], "samples": [[6.311206481000003, 6.143951547, 6.822889191999998, 6.552944632999999]], "stats": [{"ci_99": [5.73670847091568, 7.178787455584318], "q_25": 6.269392747500002, "q_75": 6.620430772749999, "min": 6.143951547, "max": 6.822889191999998, "mean": 6.45774796325, "std": 0.25609232697208933, "repeat": 4, "number": 1}]}, "mtc1.time_joint_tour_scheduling.time_component": {"result": [3.3201355575000004], "samples": [[3.1335039610000006, 3.148844198999999, 3.1725973069999966, 3.2812877040000004, 3.4833902610000003, 3.3589834110000005, 3.5060443680000013, 3.496571873999997]], "stats": [{"ci_99": [3.1335039610000006, 3.5060443680000013], "q_25": 3.1666590299999973, "q_75": 3.4866856642499995, "min": 3.1335039610000006, "max": 3.5060443680000013, "mean": 3.3226528856249997, "std": 0.1505204269368469, "repeat": 8, "number": 1}]}, "mtc1.time_mandatory_tour_frequency.time_component": {"result": [2.5454753419999987], "samples": [[2.3427501080000006, 2.4734321559999994, 2.4740614270000023, 2.479026179999998, 2.562598735999998, 2.4619216600000016, 2.6162933699999993, 2.5292546970000007, 2.6025213690000015, 2.5616959869999967, 2.5783060450000015, 2.616148383999999]], "stats": [{"ci_99": [2.4619216600000016, 2.616148383999999], "q_25": 2.4739041092500016, "q_75": 2.5843598760000015, "min": 2.3427501080000006, "max": 2.6162933699999993, "mean": 2.524834176583333, "std": 0.07790651998602, "repeat": 12, "number": 1}]}, "mtc1.time_mandatory_tour_scheduling.time_component": {"result": [293.57323277250003], "samples": [[284.00429809900004, 284.721781435, 306.534634226, 302.42468411000004]], "stats": [{"ci_99": [264.77074342937345, 324.0719555056268], "q_25": 284.54241060100003, "q_75": 303.452171639, "min": 284.00429809900004, "max": 306.534634226, "mean": 294.4213494675, "std": 10.16589411059612, "repeat": 4, "number": 1}]}, "mtc1.time_non_mandatory_tour_destination.time_component": {"result": [224.06640801550003], "samples": [[223.221553342, 220.83909989299997, 234.01174592700005, 224.91126268900007]], "stats": [{"ci_99": [212.8996207631546, 238.59221016234548], "q_25": 222.62593997975, "q_75": 227.18638349850005, "min": 220.83909989299997, "max": 234.01174592700005, "mean": 225.74591546275002, "std": 4.9867284282551285, "repeat": 4, "number": 1}]}, "mtc1.time_non_mandatory_tour_frequency.time_component": {"result": [70.73598302750001],