{"results": {"mtc1.time_atwork_subtour_destination.time_component": {"result": [45.50620688949999], "stats": [{"ci_99": [43.771798630063934, 47.01453692293605], "q_25": 45.22699636425, "q_75": 45.67237830174999, "min": 44.420997375, "max": 46.13925995199999, "mean": 45.39316777649999, "std": 0.6179698346497413, "repeat": 4, "number": 1}]}, "mtc1.time_atwork_subtour_frequency.time_component": {"result": [1.9414479379999996], "stats": [{"ci_99": [1.9127231400000007, 2.053335192999999], "q_25": 1.9334835525000003, "q_75": 1.9740245382500006, "min": 1.9127231400000007, "max": 2.053335192999999, "mean": 1.9585984926000002, "std": 0.04259740654226529, "repeat": 10, "number": 1}]}, "mtc1.time_atwork_subtour_mode_choice.time_component": {"result": [4.3256607559999996], "stats": [{"ci_99": [3.904401245289288, 4.737580971044043], "q_25": 4.10095611275, "q_75": 4.551713388499998, "min": 4.046860144, "max": 4.5746461620000005, "mean": 4.320991108166666, "std": 0.2375453876694148, "repeat": 6, "number": 1}]}, "mtc1.time_atwork_subtour_scheduling.time_component": {"result": [8.495425775], "stats": [{"ci_99": [8.339870973958481, 8.678458945041516], "q_25": 8.4600145295, "q_75": 8.544576204999998, "min": 8.444908916, "max": 8.600899372, "mean": 8.5091649595, "std": 0.06075973106859418, "repeat": 4, "number": 1}]}, "mtc1.time_auto_ownership_simulate.time_component": {"result": [0.7307378774999993], "stats": [{"ci_99": [0.7012176879999998, 0.7674973200000004], "q_25": 0.7029250005000014, "q_75": 0.7578576865000004, "min": 0.6870465859999975, "max": 0.7859125200000001, "mean": 0.7322788025500002, "std": 0.029889447477068395, "repeat": 20, "number": 1}]}, "mtc1.time_cdap_simulate.time_component": {"result": [7.177434209000003], "stats": [{"ci_99": [7.063503864278743, 7.319091962721261], "q_25": 7.160518404750001, "q_75": 7.208213717750004, "min": 7.139983593, "max": 7.270339643000003, "mean": 7.191297913500002, "std": 0.04865183403510681, "repeat": 4, "number": 1}]}, "mtc1.time_free_parking.time_component": {"result": [1.5049202309999998], "stats": [{"ci_99": [1.4855402679999976, 1.5442558579999996], "q_25": 1.4952253020000006, "q_75": 1.5394568147500003, "min": 1.446025917, "max": 1.6088041960000012, "mean": 1.5131832559, "std": 0.03705381312275201, "repeat": 20, "number": 1}]}, "mtc1.time_joint_tour_composition.time_component": {"result": [0.48797575950000116], "stats": [{"ci_99": [0.45703663700000163, 0.4979581660000001], "q_25": 0.46273562474999785, "q_75": 0.4964928642499995, "min": 0.44537752899999816, "max": 0.5070532229999998, "mean": 0.48049154674999983, "std": 0.019837311619099487, "repeat": 20, "number": 1}]}, "mtc1.time_joint_tour_destination.time_component": {"result": [15.2108099725], "stats": [{"ci_99": [13.854530655428023, 16.205191228571987], "q_25": 14.945769736, "q_75": 15.2949011785, "min": 14.236282327000005, "max": 15.461541496000002, "mean": 15.029860942000003, "std": 0.4699015299859405, "repeat": 4, "number": 1}]}, "mtc1.time_joint_tour_frequency.time_component": {"result": [1.6144941285000005], "stats": [{"ci_99": [1.5845585240000002, 1.6360685650000022], "q_25": 1.6012635402499997, "q_75": 1.6217705329999998, "min": 1.5671841429999986, "max": 1.6896698470000011, "mean": 1.6133840430000002, "std": 0.0273535999966313, "repeat": 16, "number": 1}]}, "mtc1.time_joint_tour_participation.time_component": {"result": [6.559442861999999], "stats": [{"ci_99": [6.389788186320058, 6.808281536179942], "q_25": 6.546377045, "q_75": 6.612100678249999, "min": 6.531634231999998, "max": 6.745619489000003, "mean": 6.59903486125, "std": 0.08558306802386116, "repeat": 4, "number": 1}]}, "mtc1.time_joint_tour_scheduling.time_component": {"result": [4.161943634000001], "stats": [{"ci_99": [4.0217191419999985, 4.284045375007743], "q_25": 4.133503566500002, "q_75": 4.217765808500003, "min": 4.0217191419999985, "max": 4.264315906, "mean": 4.1617198433333344, "std": 0.07831588206903659, "repeat": 6, "number": 1}]}, "mtc1.time_mandatory_tour_frequency.time_component": {"result": [2.6139913004999986], "stats": [{"ci_99": [2.570811653, 2.6895083510000006], "q_25": 2.5956395547499995, "q_75": 2.6695270985000006, "min": 2.561861019000002, "max": 2.7081274779999998, "mean": 2.629417332083333, "std": 0.04767328273069281, "repeat": 12, "number": 1}]}, "mtc1.time_mandatory_tour_scheduling.time_component": {"result": [297.407265543], "stats": [{"ci_99": [290.64814604823823, 304.50903773576175], "q_25": 295.56383233174995, "q_75": 299.42202510325, "min": 294.738796061, "max": 300.76104042099996, "mean": 297.57859189199996, "std": 2.406813976132151, "repeat": 4, "number": 1}]}, "mtc1.time_non_mandatory_tour_destination.time_component": {"result": [239.260360333], "stats": [{"ci_99": [229.93108879922357, 248.45958775077648], "q_25": 236.987788958, "q_75": 241.46790965, "min": 234.74763979700003, "max": 243.51299263700002, "mean": 239.195338275, "std": 3.2821137840484402, "repeat": 4, "number": 1}]}, "mtc1.time_non_mandatory_tour_frequency.time_component": {"result": [75.55970906600001], "stats": [{"ci_99": [67.66342325165964, 83.63052604484035], "q_25": 73.146211897, "q_75": 78.06047181725, "min": 72.559559785, "max": 78.90892067600001, "mean": 75.64697464825001, "std": 2.7398095751654865, "repeat": 4, "number": 1}]}, "mtc1.time_non_mandatory_tour_scheduling.time_component": {"result": [88.790824007], "stats": [{"ci_99": [84.92025368969153, 94.55998442180848], "q_25": 88.4164905625, "q_75": 90.11445250025, "min": 88.28871001300001, "max": 93.09011819600002, "mean": 89.74011905575, "std": 1.9590499858269148, "repeat": 4, "number": 1}]}, "mtc1.time_school_location.time_component": {"result": [87.85817891], "stats": [{"ci_99": [84.13379173576644, 91.97762169023359], "q_25": 86.80326879325001, "q_75": 89.11061682975, "min": 86.635558204, "max": 89.870910828, "mean": 88.055706713, "std": 1.3588460687641037, "repeat": 4, "number": 1}]}, "mtc1.time_stop_frequency.time_component": {"result": [9.211347202000002], "stats": [{"ci_99": [7.754410798118314, 10.339791902381688], "q_25": 8.801881778500004, "q_75": 9.45656677375, "min": 8.305518544000002, "max": 9.460192452999998, "mean": 9.047101350250001, "std": 0.4726588265560915, "repeat": 4, "number": 1}]}, "mtc1.time_tour_mode_choice_simulate.time_component": {"result": [37.673816692], "stats": [{"ci_99": [30.50152508079544, 45.29397182670458], "q_25": 35.536120969500004, "q_75": 40.035444176249996, "min": 35.153153139, "max": 41.090207292, "mean": 37.89774845375, "std": 2.5448677553968224, "repeat": 4, "number": 1}]}, "mtc1.time_trip_destination.time_component": {"result": [543.4810744944999], "stats": [{"ci_99": [478.32602981542857, 611.6562672045709], "q_25": 522.6592703474998, "q_75": 565.812952657, "min": 521.631395937, "max": 571.3710491140001, "mean": 544.9911485099999, "std": 22.830524612784103, "repeat": 4, "number": 1}]}, "mtc1.time_trip_mode_choice.time_component": {"result": [64.36183185499999], "stats": [{"ci_99": [54.57083735704968, 74.16607687345036], "q_25": 61.037550289999984, "q_75": 67.69273868025002, "min": 60.97898577199999, "max": 67.77117897900001, "mean": 64.36845711525, "std": 3.350746109153365, "repeat": 4, "number": 1}]}, "mtc1.time_trip_purpose.time_component": {"result": [1.5662848819999997], "stats": [{"ci_99": [1.5095164949999997, 1.6607678949999993], "q_25": 1.5128859004999997, "q_75": 1.6127764124999997, "min": 1.5095164949999997, "max": 1.6607678949999993, "mean": 1.56977043275, "std": 0.057393452411145206, "repeat": 8, "number": 1}]}, "mtc1.time_trip_purpose_and_destination.time_component": {"result": [2.0191371850000017], "stats": [{"ci_99": [1.8997572917265517, 2.1586519382734495], "q_25": 1.9670835892500023, "q_75": 2.08588657475, "min": 1.9367739019999988, "max": 2.1423106559999994, "mean": 2.0292046150000007, "std": 0.07564699033216206, "repeat": 6, "number": 1}]}, "mtc1.time_trip_scheduling.time_component": {"result": [66.177916977], "stats": [{"ci_99": [55.412917476359475, 76.91422906714045],