{"results": {"mtc1.time_atwork_subtour_destination.time_component": {"result": [41.8387742135], "stats": [{"ci_99": [40.19314488524393, 43.497473166256086], "q_25": 41.398632557000006, "q_75": 42.28545068225, "min": 41.114550521000005, "max": 42.589137155, "mean": 41.845309025750005, "std": 0.5757694494872682, "repeat": 4, "number": 1}]}, "mtc1.time_atwork_subtour_frequency.time_component": {"result": [1.8049896955000015], "stats": [{"ci_99": [1.7788759830000025, 1.8692484930000006], "q_25": 1.7850893982500011, "q_75": 1.8385048589999977, "min": 1.7645546499999991, "max": 1.9591547620000007, "mean": 1.8208371458333332, "std": 0.05167794046084882, "repeat": 12, "number": 1}]}, "mtc1.time_atwork_subtour_mode_choice.time_component": {"result": [4.219245748500001], "stats": [{"ci_99": [4.079605309319012, 4.480334998], "q_25": 4.17802177075, "q_75": 4.269167762000002, "min": 4.124770408, "max": 4.480334998, "mean": 4.2489476301666675, "std": 0.11520593795719872, "repeat": 6, "number": 1}]}, "mtc1.time_atwork_subtour_scheduling.time_component": {"result": [7.987470378499999], "stats": [{"ci_99": [7.912435184666348, 8.06040166333365], "q_25": 7.964074150249997, "q_75": 8.00981465225, "min": 7.956097759999999, "max": 8.014635178999999, "mean": 7.986418423999999, "std": 0.025386134380334796, "repeat": 4, "number": 1}]}, "mtc1.time_auto_ownership_simulate.time_component": {"result": [0.7071114845000004], "stats": [{"ci_99": [0.6902854869999988, 0.7268136429999998], "q_25": 0.6996819124999996, "q_75": 0.7261596082499984, "min": 0.687635964, "max": 0.760510429, "mean": 0.7115662791999998, "std": 0.017989428338673615, "repeat": 20, "number": 1}]}, "mtc1.time_cdap_simulate.time_component": {"result": [6.5112089065], "stats": [{"ci_99": [6.403654274372753, 6.627474566127247], "q_25": 6.496958021750001, "q_75": 6.529815304999999, "min": 6.460650901999998, "max": 6.579188966, "mean": 6.51556442025, "std": 0.04216263307678774, "repeat": 4, "number": 1}]}, "mtc1.time_free_parking.time_component": {"result": [1.4154134175], "stats": [{"ci_99": [1.395367039, 1.4329333070000008], "q_25": 1.3989822607499995, "q_75": 1.4266123110000013, "min": 1.3697628870000003, "max": 1.4461601890000004, "mean": 1.4129190134, "std": 0.020128536342461395, "repeat": 20, "number": 1}]}, "mtc1.time_joint_tour_composition.time_component": {"result": [0.4575939884999993], "stats": [{"ci_99": [0.4501498640000001, 0.48010465899999843], "q_25": 0.4508450382499998, "q_75": 0.47202036950000004, "min": 0.4422379040000024, "max": 0.511999556000001, "mean": 0.4640183959999997, "std": 0.017945476702337326, "repeat": 20, "number": 1}]}, "mtc1.time_joint_tour_destination.time_component": {"result": [14.090061992499999], "stats": [{"ci_99": [13.872266890206433, 14.352319551793567], "q_25": 14.048773459750002, "q_75": 14.153581753749997, "min": 14.017197811000003, "max": 14.251851087999999, "mean": 14.112293221, "std": 0.0886012888874275, "repeat": 4, "number": 1}]}, "mtc1.time_joint_tour_frequency.time_component": {"result": [1.4941474155000005], "stats": [{"ci_99": [1.4739150980000026, 1.5256726409999999], "q_25": 1.4794448660000001, "q_75": 1.5036456277499992, "min": 1.4622157269999985, "max": 1.5650678740000004, "mean": 1.4975542319999997, "std": 0.0270559150255648, "repeat": 16, "number": 1}]}, "mtc1.time_joint_tour_participation.time_component": {"result": [6.019178160999999], "stats": [{"ci_99": [5.852990622011287, 6.189108160988714], "q_25": 5.98410656, "q_75": 6.0561209924999995, "min": 5.939509418, "max": 6.106331826000002, "mean": 6.0210493915, "std": 0.06071535979204423, "repeat": 4, "number": 1}]}, "mtc1.time_joint_tour_scheduling.time_component": {"result": [3.858259491], "stats": [{"ci_99": [3.8082523120000022, 3.904978527000001], "q_25": 3.8350593560000004, "q_75": 3.8789483227500012, "min": 3.8082523120000022, "max": 3.904978527000001, "mean": 3.8551135320000007, "std": 0.03215158750917331, "repeat": 8, "number": 1}]}, "mtc1.time_mandatory_tour_frequency.time_component": {"result": [2.431140882000001], "stats": [{"ci_99": [2.371188013000001, 2.4762690000000003], "q_25": 2.3795682330000005, "q_75": 2.460290725, "min": 2.3678378910000006, "max": 2.5762858439999974, "mean": 2.431410863615385, "std": 0.05590289521873086, "repeat": 13, "number": 1}]}, "mtc1.time_mandatory_tour_scheduling.time_component": {"result": [286.223998953], "stats": [{"ci_99": [279.06329666629875, 292.9478972927013], "q_25": 284.704339018, "q_75": 287.5252569145, "min": 282.288424675, "max": 289.285965337, "mean": 286.0055969795, "std": 2.534471933084842, "repeat": 4, "number": 1}]}, "mtc1.time_non_mandatory_tour_destination.time_component": {"result": [219.40017528400003], "stats": [{"ci_99": [213.7309429573486, 227.35505811265145], "q_25": 218.73632491350003, "q_75": 221.2068509055, "min": 218.253624339, "max": 225.11802723299996, "mean": 220.543000535, "std": 2.7060178088836775, "repeat": 4, "number": 1}]}, "mtc1.time_non_mandatory_tour_frequency.time_component": {"result": [69.4626543055], "stats": [{"ci_99": [68.29578539908908, 70.55017422991092], "q_25": 69.26484590625, "q_75": 69.62078821375, "min": 68.789317077, "max": 69.97729357, "mean": 69.4229798145, "std": 0.42279697391805243, "repeat": 4, "number": 1}]}, "mtc1.time_non_mandatory_tour_scheduling.time_component": {"result": [85.27837948399997], "stats": [{"ci_99": [83.15199349994285, 87.71970648005713], "q_25": 84.76538964899997, "q_75": 85.948839825, "min": 84.56029688400001, "max": 86.626344108, "mean": 85.43584998999998, "std": 0.8106860088405559, "repeat": 4, "number": 1}]}, "mtc1.time_school_location.time_component": {"result": [80.5026149285], "stats": [{"ci_99": [79.19619323361438, 81.8177436038856], "q_25": 80.267746077, "q_75": 80.74183727025, "min": 79.83258773700001, "max": 81.190056081, "mean": 80.50696841875, "std": 0.48414094471286084, "repeat": 4, "number": 1}]}, "mtc1.time_stop_frequency.time_component": {"result": [8.270117858500003], "stats": [{"ci_99": [7.970170178320704, 8.652146108179299], "q_25": 8.23460501925, "q_75": 8.346670982500003, "min": 8.174848397999998, "max": 8.529548458, "mean": 8.311158143250001, "std": 0.13240999744305276, "repeat": 4, "number": 1}]}, "mtc1.time_tour_mode_choice_simulate.time_component": {"result": [36.1933989165], "stats": [{"ci_99": [34.053672158306895, 38.568887229193095], "q_25": 35.60477447700001, "q_75": 36.89990413325, "min": 35.476981698, "max": 37.381339243999996, "mean": 36.311279693749995, "std": 0.7850418740871851, "repeat": 4, "number": 1}]}, "mtc1.time_trip_destination.time_component": {"result": [532.48175377], "stats": [{"ci_99": [527.7173672048285, 537.9008562126716], "q_25": 531.5427842885, "q_75": 533.7480811902499, "min": 530.6280013520001, "max": 535.6449379430001, "mean": 532.8091117087499, "std": 1.8585947217524577, "repeat": 4, "number": 1}]}, "mtc1.time_trip_mode_choice.time_component": {"result": [62.800243449], "stats": [{"ci_99": [61.619399930451635, 64.01913675754837], "q_25": 62.50861100625, "q_75": 63.11090078675, "min": 62.28137561700001, "max": 63.39521086099998, "mean": 62.819268344, "std": 0.4227815410279892, "repeat": 4, "number": 1}]}, "mtc1.time_trip_purpose.time_component": {"result": [1.496323981999999], "stats": [{"ci_99": [1.448075823, 1.5194932729999984], "q_25": 1.477472904249998, "q_75": 1.5068911202499988, "min": 1.448075823, "max": 1.5194932729999984, "mean": 1.4918025754999988, "std": 0.02235994591588965, "repeat": 8, "number": 1}]}, "mtc1.time_trip_purpose_and_destination.time_component": {"result": [1.998814809499999], "stats": [{"ci_99": [1.9425723393687417, 2.0735194340000014], "q_25": 1.9761589317499997, "q_75": 2.015812392500001, "min": 1.9526906239999988, "max": 2.0735194340000014, "mean": 2.0023208171666664, "std": 0.03856147319019985, "repeat": 6, "number": 1}]}, "mtc1.time_trip_scheduling.time_component": {"result": [65.4082804845], "stats": [{"ci_99": [63.659443839249974, 66.67029571725001], "q_25": 64.9948450325, "q_75": 65.57830523025,