{"results": {"sandag2.time_auto_ownership_simulate.time_component": {"result": [0.1896442829999785], "samples": [[0.18744881399999258, 0.19219427500001984, 0.19507267599999523, 0.19046887899997955, 0.17693658700000015, 0.18625537200000508, 0.18857018899996092, 0.17955664200002275, 0.1995372260000181, 0.17974406000001864, 0.2005138439999996, 0.18881968699997742, 0.1944243209999854, 0.20161354599997594, 0.1834025950000182, 0.1922770410000112, 0.19796041199998626, 0.18279668399998172, 0.18477514200003498, 0.1955908879999697]], "stats": [{"ci_99": [0.18279668399998172, 0.19796041199998626], "q_25": 0.18443200525003078, "q_75": 0.19520222899998885, "min": 0.17693658700000015, "max": 0.20161354599997594, "mean": 0.18989794399999765, "std": 0.007134072899600276, "repeat": 20, "number": 1}]}, "sandag2.time_cdap_simulate.time_component": {"result": [2.69408448300004], "samples": [[2.6571210870000073, 2.669634102000032, 2.69408448300004, 2.6389859849999766, 2.689375964000021, 2.6529107349999776, 2.7134843949999663, 2.7973512540000343, 4.571295537000026, 2.8628945070000213, 2.7952653169999735]], "stats": [{"ci_99": [2.6389859849999766, 4.571295537000026], "q_25": 2.6633775945000195, "q_75": 2.796308285500004, "min": 2.6389859849999766, "max": 4.571295537000026, "mean": 2.885673033272734, "std": 0.5373880954623098, "repeat": 11, "number": 1}]}, "sandag2.time_free_parking.time_component": {"result": [0.2824635389999912], "samples": [[0.26636807600004886, 0.29504990800000996, 0.3430989670000031, 0.2933697789999883, 0.31247330700000475, 0.2926819019999698, 0.26100036699995144, 0.28817757199999505, 0.271374010000045, 0.26580066799999713, 0.2879356400000006, 0.2945419490000063, 0.2700061329999812, 0.2805025829999863, 0.2754480040000544, 0.2938859710000088, 0.2844244949999961, 0.2695393100000274, 0.26397207000002254, 0.27047569699999485]], "stats": [{"ci_99": [0.26636807600004886, 0.2945419490000063], "q_25": 0.26988942724999276, "q_75": 0.2934988269999934, "min": 0.26100036699995144, "max": 0.3430989670000031, "mean": 0.2840063204000046, "std": 0.019020389047963188, "repeat": 20, "number": 1}]}, "sandag2.time_school_location.time_component": {"result": [36.869236851500034], "samples": [[37.35186326400003, 38.34571383100001, 36.32124795000004, 36.38661043900004]], "stats": [{"ci_99": [34.791714831699515, 39.41100291030056], "q_25": 36.37026981675004, "q_75": 37.600325905750026, "min": 36.32124795000004, "max": 38.34571383100001, "mean": 37.10135887100003, "std": 0.8262278873741118, "repeat": 4, "number": 1}]}, "sandag2.time_workplace_location.time_component": {"result": [85.84948344200001], "samples": [[86.26957501500004, 87.13637131299993, 85.42939186899997, 84.71337736600003]], "stats": [{"ci_99": [83.32760884735946, 88.4467489341405], "q_25": 85.25038824324999, "q_75": 86.48627408950001, "min": 84.71337736600003, "max": 87.13637131299993, "mean": 85.88717889075, "std": 0.9074810577136316, "repeat": 4, "number": 1}]}}, "params": {"arch": "x86_64", "cpu": "Intel(R) Core(TM) i9-9880H CPU @ 2.30GHz", "machine": "LUMBERJACK", "num_cpu": "16", "os": "Darwin 19.6.0", "ram": "64GB", "python": "3.9", "coverage": "", "cytoolz": "", "numba": "", "numpy": "", "openmatrix": "", "orca": "", "pandas": "", "psutil": "", "pyarrow": "", "pytables": "", "pytest": "", "pyyaml": "", "requests": "", "ruamel.yaml": "", "toolz": ""}, "requirements": {"coverage": "", "cytoolz": "", "numba": "", "numpy": "", "openmatrix": "", "orca": "", "pandas": "", "psutil": "", "pyarrow": "", "pytables": "", "pytest": "", "pyyaml": "", "requests": "", "ruamel.yaml": "", "toolz": ""}, "commit_hash": "ff0345c72f3bd4a8d20041208c363e885575f785", "date": 1631139587000, "env_name": "conda-py3.9-coverage-cytoolz-numba-numpy-openmatrix-orca-pandas-psutil-pyarrow-pytables-pytest-pyyaml-requests-ruamel.yaml-toolz", "python": "3.9", "profiles": {}, "started_at": {"sandag2.time_auto_ownership_simulate.time_component": 1631145077691, "sandag2.time_cdap_simulate.time_component": 1631145469980, "sandag2.time_free_parking.time_component": 1631145900742, "sandag2.time_school_location.time_component": 1631146326148, "sandag2.time_workplace_location.time_component": 1631146894649}, "ended_at": {"sandag2.time_auto_ownership_simulate.time_component": 1631145469976, "sandag2.time_cdap_simulate.time_component": 1631145900741, "sandag2.time_free_parking.time_component": 1631146326148, "sandag2.time_school_location.time_component": 1631146894648, "sandag2.time_workplace_location.time_component": 1631147578551}, "benchmark_version": {"sandag2.time_auto_ownership_simulate.time_component": "4026b996326d65f894988d4a9e86d1efc4feae467d90bbd2921483f58b51feb1", "sandag2.time_cdap_simulate.time_component": "4026b996326d65f894988d4a9e86d1efc4feae467d90bbd2921483f58b51feb1", "sandag2.time_free_parking.time_component": "4026b996326d65f894988d4a9e86d1efc4feae467d90bbd2921483f58b51feb1", "sandag2.time_school_location.time_component": "4026b996326d65f894988d4a9e86d1efc4feae467d90bbd2921483f58b51feb1", "sandag2.time_workplace_location.time_component": "4026b996326d65f894988d4a9e86d1efc4feae467d90bbd2921483f58b51feb1"}, "version": 1}