{"results": {"mtc1.time_atwork_subtour_destination.time_component": {"result": [74.723513058], "samples": [[74.91447127100001, 74.57736883999999, 73.30585505, 74.869657276]], "stats": [{"ci_99": [72.78015770038806, 76.05351851811196], "q_25": 74.2594903925, "q_75": 74.88086077475, "min": 73.30585505, "max": 74.91447127100001, "mean": 74.41683810925, "std": 0.6543579744499716, "repeat": 4, "number": 1}]}, "mtc1.time_atwork_subtour_frequency.time_component": {"result": [3.6204255095000004], "samples": [[3.636599367999999, 3.604251651000002, 3.5638203790000027, 3.5587753139999982, 3.7968764250000007, 3.6618903240000016]], "stats": [{"ci_99": [3.5174084111029487, 3.7968764250000007], "q_25": 3.5739281970000025, "q_75": 3.655567585000001, "min": 3.5587753139999982, "max": 3.7968764250000007, "mean": 3.637035576833334, "std": 0.08033986681910242, "repeat": 6, "number": 1}]}, "mtc1.time_atwork_subtour_mode_choice.time_component": {"result": [7.396740466499999], "samples": [[7.398265995000003, 7.395214937999995, 7.523830358000001, 7.386918205000001]], "stats": [{"ci_99": [7.291298371820435, 7.560816376179566], "q_25": 7.3931407547499965, "q_75": 7.429657085750002, "min": 7.386918205000001, "max": 7.523830358000001, "mean": 7.426057374, "std": 0.05660178344233274, "repeat": 4, "number": 1}]}, "mtc1.time_atwork_subtour_scheduling.time_component": {"result": [13.496764390499997], "samples": [[13.217393955000002, 13.496772069999999, 13.937261802999995, 13.496756710999996]], "stats": [{"ci_99": [12.858452968161568, 14.215639301338426], "q_25": 13.426916021999997, "q_75": 13.606894503249997, "min": 13.217393955000002, "max": 13.937261802999995, "mean": 13.537046134749998, "std": 0.25767971160401315, "repeat": 4, "number": 1}]}, "mtc1.time_auto_ownership_simulate.time_component": {"result": [1.2025759664999995], "samples": [[1.2187935780000014, 1.2293710400000002, 1.2311611790000008, 1.2414547139999996, 1.2422795000000004, 1.2133463599999992, 1.2140682799999993, 1.2177514239999994, 1.2159375479999994, 1.2197189020000003, 1.1861065440000012, 1.177008763, 1.1739041799999992, 1.1743370530000004, 1.1649111259999998, 1.1699017339999997, 1.172347233, 1.1734494300000016, 1.1841483759999996, 1.191805573]], "stats": [{"ci_99": [1.1734494300000016, 1.2293710400000002], "q_25": 1.17422883475, "q_75": 1.2190249090000012, "min": 1.1649111259999998, "max": 1.2422795000000004, "mean": 1.20059012685, "std": 0.025501298854215478, "repeat": 20, "number": 1}]}, "mtc1.time_cdap_simulate.time_component": {"result": [12.195995831500001], "samples": [[12.151814157, 12.301449984999998, 12.148580177000003, 12.240177506000002]], "stats": [{"ci_99": [12.027692688519243, 12.393318223980758], "q_25": 12.151005662, "q_75": 12.255495625750001, "min": 12.148580177000003, "max": 12.301449984999998, "mean": 12.21050545625, "std": 0.06409123704487393, "repeat": 4, "number": 1}]}, "mtc1.time_free_parking.time_component": {"result": [2.8032035859999986], "samples": [[2.9022400479999995, 2.8003226529999985, 2.8148983719999983, 2.9588528590000003, 2.806084518999999, 2.927273607, 2.7965133709999996, 2.729229541999999, 2.767399167999997, 2.916238603, 2.7956639160000023, 2.7894207699999995]], "stats": [{"ci_99": [2.767399167999997, 2.927273607], "q_25": 2.7941031295000016, "q_75": 2.9057396867499996, "min": 2.729229541999999, "max": 2.9588528590000003, "mean": 2.8336781189999996, "std": 0.06967776483695308, "repeat": 12, "number": 1}]}, "mtc1.time_joint_tour_composition.time_component": {"result": [0.7407281389999998], "samples": [[0.7818361819999993, 0.7851553409999994, 0.7886099470000012, 0.7870176250000007, 0.7760049639999984, 0.7712796659999981, 0.7706401300000003, 0.7734142419999976, 0.7074983849999992, 0.7056644920000004, 0.7064245809999967, 0.7092508220000013, 0.7091698330000007, 0.7108161479999993, 0.7076501230000005, 0.7074606830000008]], "stats": [{"ci_99": [0.7074606830000008, 0.7851553409999994], "q_25": 0.7076121885000002, "q_75": 0.7774627684999986, "min": 0.7056644920000004, "max": 0.7886099470000012, "mean": 0.7436183227499996, "std": 0.03596795776869953, "repeat": 16, "number": 1}]}, "mtc1.time_joint_tour_destination.time_component": {"result": [22.6544323405], "samples": [[22.673282332, 22.635582349000003, 22.745790426, 22.52796173600001]], "stats": [{"ci_99": [22.432064231468765, 22.859244190031237], "q_25": 22.608677195750005, "q_75": 22.6914093555, "min": 22.52796173600001, "max": 22.745790426, "mean": 22.645654210750003, "std": 0.07865039049535483, "repeat": 4, "number": 1}]}, "mtc1.time_joint_tour_frequency.time_component": {"result": [2.4773111695], "samples": [[2.582165818, 2.502431071, 2.5666843230000005, 2.467929227999999, 2.550529315000002, 2.4561797510000005, 2.462619319999998, 2.4864980849999974, 2.4547037940000003, 2.468124254000003]], "stats": [{"ci_99": [2.4547037940000003, 2.582165818], "q_25": 2.4639467969999984, "q_75": 2.5385047540000016, "min": 2.4547037940000003, "max": 2.582165818, "mean": 2.4997864959, "std": 0.04620915663396748, "repeat": 10, "number": 1}]}, "mtc1.time_joint_tour_participation.time_component": {"result": [10.898509892499998], "samples": [[10.826784228000001, 10.950482117999996, 10.846537667, 11.119846715999998]], "stats": [{"ci_99": [10.620511867482085, 11.251313497017913], "q_25": 10.84159930725, "q_75": 10.992823267499997, "min": 10.826784228000001, "max": 11.119846715999998, "mean": 10.935912682249999, "std": 0.11612591238344536, "repeat": 4, "number": 1}]}, "mtc1.time_joint_tour_scheduling.time_component": {"result": [5.9196864604999995], "samples": [[5.759903484000002, 5.838100366999999, 6.001272554, 6.013248240999999]], "stats": [{"ci_99": [5.591635085982549, 6.214627237017451], "q_25": 5.81855114625, "q_75": 6.00426647575, "min": 5.759903484000002, "max": 6.013248240999999, "mean": 5.9031311615, "std": 0.1078200769277143, "repeat": 4, "number": 1}]}, "mtc1.time_mandatory_tour_frequency.time_component": {"result": [4.8802147235], "samples": [[4.947895119, 4.886310785999999, 4.8160387369999995, 4.9175907500000005, 4.874118661000001, 4.788175677000002]], "stats": [{"ci_99": [4.781201667819164, 4.962174908847503], "q_25": 4.830558718, "q_75": 4.909770759000001, "min": 4.788175677000002, "max": 4.947895119, "mean": 4.871688288333334, "std": 0.05508398132539964, "repeat": 6, "number": 1}]}, "mtc1.time_mandatory_tour_scheduling.time_component": {"result": [422.8835168930001], "samples": [[417.64045612699994, 425.17311430300003, 422.25663924800006, 423.5103945380001]], "stats": [{"ci_99": [414.7373689608769, 429.55293314712316], "q_25": 421.10259346775, "q_75": 423.92607447925013, "min": 417.64045612699994, "max": 425.17311430300003, "mean": 422.14515105400005, "std": 2.7989800468492603, "repeat": 4, "number": 1}]}, "mtc1.time_non_mandatory_tour_destination.time_component": {"result": [387.530585738], "samples": [[388.33683479499996, 389.86326658099995, 386.724336681, 385.8014430029999]], "stats": [{"ci_99": [383.28216395516165, 392.0807765748383], "q_25": 386.49361326149995, "q_75": 388.7184427415, "min": 385.8014430029999, "max": 389.86326658099995, "mean": 387.6814702649999, "std": 1.5524452514643794, "repeat": 4, "number": 1}]}, "mtc1.time_non_mandatory_tour_frequency.time_component": {"result": [119.3458948745], "samples": [[120.406290901, 120.14583632, 118.54595342900001, 116.78934396899999]], "stats": [{"ci_99": [114.92915082222919, 123.01456148727083], "q_25": 118.106801064, "q_75": 120.21094996525, "min": 116.78934396899999, "max": 120.406290901, "mean": 118.97185615475001, "std": 1.4474620066169537, "repeat": 4, "number": 1}]}, "mtc1.time_non_mandatory_tour_scheduling.time_component": {"result": [128.39473761349998], "samples": [[128.185020173, 128.36598809499998, 128.52321595799998, 128.423487132]], "stats": [{"ci_99": [128.04277497181798, 128.706080707182], "q_25": 128.32074611449997, "q_75": 128.4484193385, "min": 128.185020173, "max": 128.52321595799998, "mean": 128.3744278395, "std": 0.12297480616325998, "repeat": 4, "number": 1}]},