{"results": {"mtc1.time_atwork_subtour_destination.time_component": {"result": [75.021571506], "stats": [{"ci_99": [72.1269164544108, 78.36093517358921], "q_25": 74.66754466975, "q_75": 75.59795265025, "min": 73.82020269700001, "max": 77.11235754700002, "mean": 75.24392581400001, "std": 1.186081235035172, "repeat": 4, "number": 1}]}, "mtc1.time_atwork_subtour_frequency.time_component": {"result": [3.767510179500002], "stats": [{"ci_99": [3.641232041000002, 3.8294149975423077], "q_25": 3.733974504749999, "q_75": 3.7728954922499973, "min": 3.641232041000002, "max": 3.8175565849999984, "mean": 3.7485492546666666, "std": 0.0552668944793591, "repeat": 6, "number": 1}]}, "mtc1.time_atwork_subtour_mode_choice.time_component": {"result": [7.5809474895], "stats": [{"ci_99": [7.399503438773944, 7.774398181226057], "q_25": 7.52386945675, "q_75": 7.64402884275, "min": 7.522315302999999, "max": 7.663592958000002, "mean": 7.58695081, "std": 0.06426879169514052, "repeat": 4, "number": 1}]}, "mtc1.time_atwork_subtour_scheduling.time_component": {"result": [14.723453944999996], "stats": [{"ci_99": [13.839977185281407, 15.81784459771858], "q_25": 14.562896451249998, "q_75": 14.989468385249996, "min": 14.450447209, "max": 15.418288467, "mean": 14.828910891499998, "std": 0.36848936310106584, "repeat": 4, "number": 1}]}, "mtc1.time_auto_ownership_simulate.time_component": {"result": [1.2926352005000004], "stats": [{"ci_99": [1.2823868150000024, 1.3030208959999996], "q_25": 1.2837775947499992, "q_75": 1.3008869007499992, "min": 1.2788130530000004, "max": 1.3403708559999998, "mean": 1.2939858809500004, "std": 0.01384073653123657, "repeat": 20, "number": 1}]}, "mtc1.time_cdap_simulate.time_component": {"result": [12.377682416499999], "stats": [{"ci_99": [11.468176784050993, 13.364472407949002], "q_25": 12.105930081249998, "q_75": 12.688076931250002, "min": 12.079435459000003, "max": 12.830498092, "mean": 12.416324595999999, "std": 0.3264487325184119, "repeat": 4, "number": 1}]}, "mtc1.time_free_parking.time_component": {"result": [2.8902003604999997], "stats": [{"ci_99": [2.803802393999998, 3.034846279], "q_25": 2.821870188500002, "q_75": 2.96190624225, "min": 2.7962876249999997, "max": 3.079919998000001, "mean": 2.9013116596666664, "std": 0.08921408657202827, "repeat": 12, "number": 1}]}, "mtc1.time_joint_tour_composition.time_component": {"result": [0.8637857960000002], "stats": [{"ci_99": [0.8266082870000027, 0.8896136540000015], "q_25": 0.8287255240000002, "q_75": 0.8890819879999992, "min": 0.8251886489999993, "max": 0.9032579980000008, "mean": 0.8602311171875001, "std": 0.031024076426538844, "repeat": 16, "number": 1}]}, "mtc1.time_joint_tour_destination.time_component": {"result": [25.806256504499995], "stats": [{"ci_99": [25.51251499109607, 26.09711987790393], "q_25": 25.7308165105, "q_75": 25.880257428499995, "min": 25.669018299999998, "max": 25.937738429000007, "mean": 25.8048174345, "std": 0.10262616416821638, "repeat": 4, "number": 1}]}, "mtc1.time_joint_tour_frequency.time_component": {"result": [2.636562598000001], "stats": [{"ci_99": [2.6173569980000018, 2.800074101], "q_25": 2.621136958000001, "q_75": 2.702656258000001, "min": 2.6173569980000018, "max": 2.800074101, "mean": 2.680336714333334, "std": 0.07126866066208846, "repeat": 9, "number": 1}]}, "mtc1.time_joint_tour_participation.time_component": {"result": [11.032832023], "stats": [{"ci_99": [10.415332140463468, 11.692883324536531], "q_25": 10.8440179275, "q_75": 11.242921828, "min": 10.826629697999998, "max": 11.324137186000005, "mean": 11.0541077325, "std": 0.21940753412560918, "repeat": 4, "number": 1}]}, "mtc1.time_joint_tour_scheduling.time_component": {"result": [7.8646824945], "stats": [{"ci_99": [6.7478167814691705, 9.07144173953083], "q_25": 7.521751288000001, "q_75": 8.252560467, "min": 7.507064674000002, "max": 8.402087379000001, "mean": 7.909629260500001, "std": 0.3991083482854864, "repeat": 4, "number": 1}]}, "mtc1.time_mandatory_tour_frequency.time_component": {"result": [4.8313638385], "stats": [{"ci_99": [4.784322176999998, 4.854592271112211], "q_25": 4.823795309500001, "q_75": 4.837322708500001, "min": 4.784322176999998, "max": 4.847847923000002, "mean": 4.825913207, "std": 0.020261690074538288, "repeat": 6, "number": 1}]}, "mtc1.time_mandatory_tour_scheduling.time_component": {"result": [429.327968113], "stats": [{"ci_99": [417.16440233801274, 441.64279764398736], "q_25": 426.6651675915, "q_75": 432.06640051249997, "min": 423.465223539, "max": 435.49324019900007, "mean": 429.403599991, "std": 4.4004226712484495, "repeat": 4, "number": 1}]}, "mtc1.time_non_mandatory_tour_destination.time_component": {"result": [398.4625453115], "stats": [{"ci_99": [381.67942406912016, 414.74710969687976], "q_25": 392.8323350095, "q_75": 403.843477185, "min": 392.043606139, "max": 403.88437077, "mean": 398.213266883, "std": 5.656108326620971, "repeat": 4, "number": 1}]}, "mtc1.time_non_mandatory_tour_frequency.time_component": {"result": [122.578750775], "stats": [{"ci_99": [119.84539431776628, 124.42188266873373], "q_25": 121.97718654425, "q_75": 122.735202724, "min": 120.53166536, "max": 122.845387063, "mean": 122.13363849325, "std": 0.935123177279132, "repeat": 4, "number": 1}]}, "mtc1.time_non_mandatory_tour_scheduling.time_component": {"result": [136.40478468999999], "stats": [{"ci_99": [134.96499734217514, 138.43401175132485], "q_25": 136.18254185849997, "q_75": 136.92174737824996, "min": 136.167425514, "max": 137.821023293, "mean": 136.69950454674998, "std": 0.6724929705730505, "repeat": 4, "number": 1}]}, "mtc1.time_school_location.time_component": {"result": [141.35936839600004], "stats": [{"ci_99": [138.5141457436913, 144.66405365280872], "q_25": 140.92148683950003, "q_75": 142.02698125475, "min": 140.230838619, "max": 143.40682338200003, "mean": 141.58909969825004, "std": 1.1555080482191944, "repeat": 4, "number": 1}]}, "mtc1.time_stop_frequency.time_component": {"result": [16.0045342285], "stats": [{"ci_99": [15.465273953173789, 16.61339373782621], "q_25": 15.878093296749993, "q_75": 16.165774777250007, "min": 15.808831167999998, "max": 16.339435757000004, "mean": 16.0393338455, "std": 0.2043150650198768, "repeat": 4, "number": 1}]}, "mtc1.time_tour_mode_choice_simulate.time_component": {"result": [60.7465877505], "stats": [{"ci_99": [59.99132268152206, 61.38357328997794], "q_25": 60.55364309224999, "q_75": 60.880392644000004, "min": 60.297539699, "max": 60.959076743, "mean": 60.68744798575, "std": 0.2529581186782431, "repeat": 4, "number": 1}]}, "mtc1.time_trip_destination.time_component": {"result": [893.8975710699999], "stats": [{"ci_99": [876.2188228153178, 914.0501149141821], "q_25": 889.0442163504999, "q_75": 899.98782358425, "min": 888.4939300030001, "max": 904.248803316, "mean": 895.13446886475, "std": 6.59249758602725, "repeat": 4, "number": 1}]}, "mtc1.time_trip_mode_choice.time_component": {"result": [100.865037637], "stats": [{"ci_99": [98.87438996182806, 103.04765332917195], "q_25": 100.2656221785, "q_75": 101.560437104, "min": 100.24248616199999, "max": 101.87152514600001, "mean": 100.96102164550001, "std": 0.7183247312029366, "repeat": 4, "number": 1}]}, "mtc1.time_trip_purpose.time_component": {"result": [2.481656191500001], "stats": [{"ci_99": [2.451880852538047, 2.513418323461957], "q_25": 2.4722862357500004, "q_75": 2.4920195437500023, "min": 2.4720568820000004, "max": 2.4952290870000056, "mean": 2.482649588000002, "std": 0.010549423449755993, "repeat": 4, "number": 1}]}, "mtc1.time_trip_purpose_and_destination.time_component": {"result": [4.174109212500001], "stats": [{"ci_99": [3.7830538584818485, 4.6102466640181525], "q_25": 4.084700684749999, "q_75": 4.286058789000004, "min": 4.02492092, "max": 4.413461700000003, "mean": 4.196650261250001, "std": 0.14762269829693284, "repeat": 4, "number": 1}]}, "mtc1.time_trip_scheduling.time_component": {"result": [147.28442015450003], "stats": [{"ci_99": [136.5246537907236, 159.3259612607764], "q_25": 144.45300081025,