{"results": {"sandag1.time_auto_ownership_simulate.time_component": {"result": [1.2867446364999964], "samples": [[1.2709631560000005, 1.2732992749999994, 1.2767208340000025, 1.275773166999997, 1.2766835970000017, 1.2722454849999991, 1.2738270999999912, 1.276398272999998, 1.277674085000001, 1.2757391890000065, 1.299252107000001, 1.3029105830000063, 1.3128755060000117, 1.3040132450000073, 1.2981652700000126, 1.2958151879999917, 1.3049278630000032, 1.3016426829999972, 1.3026098990000037, 1.3111793879999993]], "stats": [{"ci_99": [1.2738270999999912, 1.3040132450000073], "q_25": 1.2757646724999994, "q_75": 1.3026850700000043, "min": 1.2709631560000005, "max": 1.3128755060000117, "mean": 1.2891357946500015, "std": 0.014727418836710823, "repeat": 20, "number": 1}]}, "sandag1.time_cdap_simulate.time_component": {"result": [5.934253801499999], "samples": [[5.910401798999999, 5.882246433999995, 5.959858707000009, 5.958105803999999]], "stats": [{"ci_99": [5.833289099081004, 6.022017272918997], "q_25": 5.903362957749998, "q_75": 5.958544029750001, "min": 5.882246433999995, "max": 5.959858707000009, "mean": 5.927653186000001, "std": 0.03287834015940291, "repeat": 4, "number": 1}]}, "sandag1.time_free_parking.time_component": {"result": [1.4562907619999947], "samples": [[1.4506017400000104, 1.440613079000002, 1.4396197979999954, 1.436393730000006, 1.4435887320000091, 1.4421914360000017, 1.434906601999998, 1.4512617550000044, 1.4524063079999934, 1.4431200189999913, 1.4615855440000018, 1.4677998319999972, 1.4640142880000013, 1.4645500259999977, 1.4935683439999963, 1.4601752159999961, 1.473370396000007, 1.4655442379999926, 1.4621776030000007, 1.4659775760000002]], "stats": [{"ci_99": [1.440613079000002, 1.4659775760000002], "q_25": 1.442887873249994, "q_75": 1.4647985789999964, "min": 1.434906601999998, "max": 1.4935683439999963, "mean": 1.4556733131000001, "std": 0.014447326370362829, "repeat": 20, "number": 1}]}, "sandag1.time_school_location.time_component": {"result": [54.0367022795], "samples": [[54.05122377299999, 53.971815311, 54.437950677, 54.02218078600001]], "stats": [{"ci_99": [53.66738049228955, 54.57420478121045], "q_25": 54.009589417250005, "q_75": 54.14790549899999, "min": 53.971815311, "max": 54.437950677, "mean": 54.120792636750004, "std": 0.18530217888266368, "repeat": 4, "number": 1}]}, "sandag1.time_workplace_location.time_component": {"result": [128.0306874395], "samples": [[128.222978948, 127.94854210199998, 128.07065279100001, 127.99072208799998]], "stats": [{"ci_99": [127.77349226700349, 128.34295569749648], "q_25": 127.98017709149998, "q_75": 128.10873433025, "min": 127.94854210199998, "max": 128.222978948, "mean": 128.05822398224998, "std": 0.10474408647836161, "repeat": 4, "number": 1}]}}, "params": {"arch": "x86_64", "cpu": "Intel Xeon E5-2699 v4 @ 2.20GHz (44 cores)", "machine": "CS-HPC02", "num_cpu": "88", "os": "Windows 2012ServerR2", "ram": "512GB", "python": "3.9", "coverage": "", "cytoolz": "", "numba": "", "numpy": "", "openmatrix": "", "orca": "", "pandas": "", "psutil": "", "pyarrow": "", "pytables": "", "pytest": "", "pyyaml": "", "requests": "", "ruamel.yaml": "", "toolz": ""}, "requirements": {"coverage": "", "cytoolz": "", "numba": "", "numpy": "", "openmatrix": "", "orca": "", "pandas": "", "psutil": "", "pyarrow": "", "pytables": "", "pytest": "", "pyyaml": "", "requests": "", "ruamel.yaml": "", "toolz": ""}, "commit_hash": "91cc417adc3fbb1b01e99ac95bdad85f6d9cc3ed", "date": 1631121793000, "env_name": "conda-py3.9-coverage-cytoolz-numba-numpy-openmatrix-orca-pandas-psutil-pyarrow-pytables-pytest-pyyaml-requests-ruamel.yaml-toolz", "python": "3.9", "profiles": {}, "started_at": {"sandag1.time_auto_ownership_simulate.time_component": 1631135502369, "sandag1.time_cdap_simulate.time_component": 1631135586366, "sandag1.time_free_parking.time_component": 1631135677366, "sandag1.time_school_location.time_component": 1631135776481, "sandag1.time_workplace_location.time_component": 1631136006730}, "ended_at": {"sandag1.time_auto_ownership_simulate.time_component": 1631135586365, "sandag1.time_cdap_simulate.time_component": 1631135677365, "sandag1.time_free_parking.time_component": 1631135776480, "sandag1.time_school_location.time_component": 1631136006729, "sandag1.time_workplace_location.time_component": 1631136459309}, "benchmark_version": {"sandag1.time_auto_ownership_simulate.time_component": "4026b996326d65f894988d4a9e86d1efc4feae467d90bbd2921483f58b51feb1", "sandag1.time_cdap_simulate.time_component": "4026b996326d65f894988d4a9e86d1efc4feae467d90bbd2921483f58b51feb1", "sandag1.time_free_parking.time_component": "4026b996326d65f894988d4a9e86d1efc4feae467d90bbd2921483f58b51feb1", "sandag1.time_school_location.time_component": "4026b996326d65f894988d4a9e86d1efc4feae467d90bbd2921483f58b51feb1", "sandag1.time_workplace_location.time_component": "4026b996326d65f894988d4a9e86d1efc4feae467d90bbd2921483f58b51feb1"}, "version": 1}