{"results": {"mtc1.time_atwork_subtour_destination.time_component": {"result": [76.334146561], "stats": [{"ci_99": [73.62622082062153, 78.69909210537844], "q_25": 75.53227789975, "q_75": 76.96452512425, "min": 74.912885467, "max": 77.069447263, "mean": 76.16265646299999, "std": 0.8876975671026144, "repeat": 4, "number": 1}]}, "mtc1.time_atwork_subtour_frequency.time_component": {"result": [3.814672160999999], "stats": [{"ci_99": [3.6628327144769153, 4.019190394189749], "q_25": 3.782459542749998, "q_75": 3.941697239, "min": 3.6783637029999987, "max": 3.982600366, "mean": 3.8410115543333325, "std": 0.10880873233421763, "repeat": 6, "number": 1}]}, "mtc1.time_atwork_subtour_mode_choice.time_component": {"result": [7.5516077740000025], "stats": [{"ci_99": [7.328991516641125, 7.768453787358876], "q_25": 7.494024024750003, "q_75": 7.6063064012499995, "min": 7.444830098999997, "max": 7.646844960999999, "mean": 7.548722652, "std": 0.07718619356824316, "repeat": 4, "number": 1}]}, "mtc1.time_atwork_subtour_scheduling.time_component": {"result": [14.530754698000003], "stats": [{"ci_99": [13.351724468999183, 16.26033448950081], "q_25": 14.394188377000003, "q_75": 14.94259580025, "min": 14.366208721, "max": 15.7963998, "mean": 14.806029479250002, "std": 0.5827109059441218, "repeat": 4, "number": 1}]}, "mtc1.time_auto_ownership_simulate.time_component": {"result": [1.3501386585000006], "stats": [{"ci_99": [1.3449895650000023, 1.353804814], "q_25": 1.3472186280000003, "q_75": 1.3523010459999991, "min": 1.341298042, "max": 1.3617924849999987, "mean": 1.35018155065, "std": 0.005679000041029662, "repeat": 20, "number": 1}]}, "mtc1.time_cdap_simulate.time_component": {"result": [12.2421510345], "stats": [{"ci_99": [12.02361608918027, 12.447744937819726], "q_25": 12.18256408375, "q_75": 12.29526746425, "min": 12.134124543999995, "max": 12.324295440999997, "mean": 12.235680513499998, "std": 0.07420259230869428, "repeat": 4, "number": 1}]}, "mtc1.time_free_parking.time_component": {"result": [2.970533681], "stats": [{"ci_99": [2.897143317000001, 3.1055870409999997], "q_25": 2.9052792362500015, "q_75": 3.082166515500001, "min": 2.8758068660000013, "max": 3.175485795, "mean": 2.9936661677500003, "std": 0.09361967503110163, "repeat": 12, "number": 1}]}, "mtc1.time_joint_tour_composition.time_component": {"result": [0.8427721370000008], "stats": [{"ci_99": [0.8387156980000015, 0.9809666200000002], "q_25": 0.8388814, "q_75": 0.9794534254999991, "min": 0.8377303300000012, "max": 0.9978104999999999, "mean": 0.9058588355333334, "std": 0.07122689889081374, "repeat": 15, "number": 1}]}, "mtc1.time_joint_tour_destination.time_component": {"result": [27.991427717500002], "stats": [{"ci_99": [27.233484901671527, 28.972515881828482], "q_25": 27.8271277335, "q_75": 28.267300375750004, "min": 27.82649937, "max": 28.602646762000006, "mean": 28.10300039175, "std": 0.31813819220370787, "repeat": 4, "number": 1}]}, "mtc1.time_joint_tour_frequency.time_component": {"result": [2.6864049009999995], "stats": [{"ci_99": [2.6440014970000014, 2.8990246860000006], "q_25": 2.65310719, "q_75": 2.7626417550000006, "min": 2.6440014970000014, "max": 2.8990246860000006, "mean": 2.7176217180000006, "std": 0.08166096642211877, "repeat": 9, "number": 1}]}, "mtc1.time_joint_tour_participation.time_component": {"result": [10.933461829500002], "stats": [{"ci_99": [10.816969327214968, 11.092962594785035], "q_25": 10.914255416000003, "q_75": 10.9741723745, "min": 10.910542832000004, "max": 11.042397352999998, "mean": 10.954965961000003, "std": 0.05288733244494876, "repeat": 4, "number": 1}]}, "mtc1.time_joint_tour_scheduling.time_component": {"result": [7.665269992000001], "stats": [{"ci_99": [7.5114428404148565, 7.833010054585142], "q_25": 7.622604653250002, "q_75": 7.714891786249999, "min": 7.611228818999997, "max": 7.747136987000001, "mean": 7.6722264475, "std": 0.05579284380458353, "repeat": 4, "number": 1}]}, "mtc1.time_mandatory_tour_frequency.time_component": {"result": [5.0846089895], "stats": [{"ci_99": [4.937931593000002, 5.158564527643345], "q_25": 5.070676296000002, "q_75": 5.108825908749999, "min": 4.937931593000002, "max": 5.1365318769999995, "mean": 5.071101954833334, "std": 0.0637376912816156, "repeat": 6, "number": 1}]}, "mtc1.time_mandatory_tour_scheduling.time_component": {"result": [431.6419516335], "stats": [{"ci_99": [415.6639986421061, 446.3712009168938], "q_25": 427.15083565450004, "q_75": 435.50871575850005, "min": 423.62890353700004, "max": 437.15759231400006, "mean": 431.0175997795, "std": 5.363739088366938, "repeat": 4, "number": 1}]}, "mtc1.time_non_mandatory_tour_destination.time_component": {"result": [395.010990786], "stats": [{"ci_99": [387.37505378946673, 402.8548036510333], "q_25": 392.793368525, "q_75": 397.33255098125005, "min": 391.992273449, "max": 398.44545986, "mean": 395.11492872024996, "std": 2.6680810960316617, "repeat": 4, "number": 1}]}, "mtc1.time_non_mandatory_tour_frequency.time_component": {"result": [121.83960867400002], "stats": [{"ci_99": [116.91874358003656, 127.02480582146343], "q_25": 120.43710808775, "q_75": 123.374275287, "min": 119.984032106, "max": 124.22384934899998, "mean": 121.97177470075, "std": 1.7457288742317434, "repeat": 4, "number": 1}]}, "mtc1.time_non_mandatory_tour_scheduling.time_component": {"result": [134.11036121150002], "stats": [{"ci_99": [120.22116725342366, 151.2235199515763], "q_25": 130.85449298950002, "q_75": 138.97821182450002, "min": 130.473059938, "max": 144.195592049, "mean": 135.72234360250002, "std": 5.5705861184546155, "repeat": 4, "number": 1}]}, "mtc1.time_school_location.time_component": {"result": [143.35381458900002], "stats": [{"ci_99": [140.12045274282943, 146.44283934467063], "q_25": 142.4464735045, "q_75": 144.18898712825003, "min": 141.82572764500003, "max": 144.593227352, "mean": 143.28164604375002, "std": 1.0990397066103268, "repeat": 4, "number": 1}]}, "mtc1.time_stop_frequency.time_component": {"result": [16.1456969165], "stats": [{"ci_99": [15.513159074396068, 16.919623191603936], "q_25": 15.995743415250004, "q_75": 16.366344634249998, "min": 15.976462413000007, "max": 16.597708286000003, "mean": 16.216391133000002, "std": 0.25207321309369224, "repeat": 4, "number": 1}]}, "mtc1.time_tour_mode_choice_simulate.time_component": {"result": [60.8871923575], "stats": [{"ci_99": [57.974838293567636, 64.02228007493235], "q_25": 59.973503981250005, "q_75": 61.91224756049999, "min": 59.973295922999995, "max": 62.246556099, "mean": 60.99855918425, "std": 1.037167493042638, "repeat": 4, "number": 1}]}, "mtc1.time_trip_destination.time_component": {"result": [905.1231370170001], "stats": [{"ci_99": [890.715458514072, 920.447436959428], "q_25": 901.01345618425, "q_75": 909.6911285695, "min": 899.8311008559999, "max": 912.248416057, "mean": 905.5814477367501, "std": 5.136775764324582, "repeat": 4, "number": 1}]}, "mtc1.time_trip_mode_choice.time_component": {"result": [100.41794077150001], "stats": [{"ci_99": [98.65230637398606, 102.04279578401393], "q_25": 99.99250792174999, "q_75": 100.77298392875001, "min": 99.45909768799999, "max": 101.09522508499998, "mean": 100.347551079, "std": 0.6084644489351136, "repeat": 4, "number": 1}]}, "mtc1.time_trip_purpose.time_component": {"result": [2.475925976000001], "stats": [{"ci_99": [2.3339051618400686, 2.6313532866599316], "q_25": 2.4350561292499995, "q_75": 2.5234990710000016, "min": 2.4285117169999992, "max": 2.550153227999999, "mean": 2.48262922425, "std": 0.051409249222831965, "repeat": 4, "number": 1}]}, "mtc1.time_trip_purpose_and_destination.time_component": {"result": [4.126093353499998], "stats": [{"ci_99": [3.8990930677082543, 4.345440397291743], "q_25": 4.050357329749999, "q_75": 4.198002756249998, "min": 4.0377111529999965, "max": 4.1991690700000035, "mean": 4.122266732499999, "std": 0.0763598439207714, "repeat": 4, "number": 1}]}, "mtc1.time_trip_scheduling.time_component": {"result": [174.77620697099997], "stats": [{"ci_99": [168.11756772988846, 181.80948734661152],