{"results": {"sandag2.time_auto_ownership_simulate.time_component": {"result": [1.3678138419999897], "samples": [[1.4220851820000178, 1.418634300000008, 1.4117069349999838, 1.3998038569999949, 1.4298080100000163, 1.4196671439999875, 1.4026282380000055, 1.4138871250000022, 1.4114667599999962, 1.410829552000024, 1.324054335999989, 1.3248893619999933, 1.3358238269999845, 1.33026210700001, 1.3202874090000023, 1.3288457280000046, 1.3238728080000044, 1.3243754999999737, 1.3235832949999917, 1.3302742079999916]], "stats": [{"ci_99": [1.324054335999989, 1.418634300000008], "q_25": 1.3247608964999884, "q_75": 1.4122519824999884, "min": 1.3202874090000023, "max": 1.4298080100000163, "mean": 1.370339284149999, "std": 0.04422935061726246, "repeat": 20, "number": 1}]}, "sandag2.time_cdap_simulate.time_component": {"result": [5.860382855500106], "samples": [[5.92424023800001, 6.007276921999988, 5.796525473000202, 5.779989257999887]], "stats": [{"ci_99": [5.608662335470538, 6.145353610029506], "q_25": 5.792391419250123, "q_75": 5.944999409000005, "min": 5.779989257999887, "max": 6.007276921999988, "mean": 5.877007972750022, "std": 0.09366289259504466, "repeat": 4, "number": 1}]}, "sandag2.time_free_parking.time_component": {"result": [1.5742593684999946], "samples": [[1.587131755999991, 1.5881785630000138, 1.5888567309999928, 1.591873344000021, 1.6003311249999967, 1.5907799910000051, 1.591224034999982, 1.636995005000017, 1.5930830620000052, 1.594148022000013, 1.509013533000001, 1.4905051860000071, 1.47792766500001, 1.4839902139999879, 1.4808130199999994, 1.5613869809999983, 1.480071549999991, 1.4871748559999958, 1.484413778000004, 1.4849499820000176]], "stats": [{"ci_99": [1.4839902139999879, 1.5930830620000052], "q_25": 1.4848159310000142, "q_75": 1.5913863622499917, "min": 1.47792766500001, "max": 1.636995005000017, "mean": 1.5451424199500026, "std": 0.05475145342705029, "repeat": 20, "number": 1}]}, "sandag2.time_school_location.time_component": {"result": [66.855354081], "samples": [[68.382766812, 66.77777741599999, 66.93293074600001, 66.39713866300002]], "stats": [{"ci_99": [65.21142531115702, 69.03388150734298], "q_25": 66.68261772775, "q_75": 67.29538976250001, "min": 66.39713866300002, "max": 68.382766812, "mean": 67.12265340925, "std": 0.7531918040059921, "repeat": 4, "number": 1}]}, "sandag2.time_workplace_location.time_component": {"result": [152.7925977315], "samples": [[150.66289105200002, 152.436051621, 153.149143842, 153.82281482899998]], "stats": [{"ci_99": [149.340184772878, 155.69526589912198], "q_25": 151.99276147875, "q_75": 153.31756158874998, "min": 150.66289105200002, "max": 153.82281482899998, "mean": 152.517725336, "std": 1.1778188242766627, "repeat": 4, "number": 1}]}}, "params": {"arch": "x86_64", "cpu": "Intel Xeon E5-2699 v4 @ 2.20GHz (44 cores)", "machine": "CS-HPC02", "num_cpu": "88", "os": "Windows 2012ServerR2", "ram": "512GB", "python": "3.9", "coverage": "", "cytoolz": "", "numba": "", "numpy": "", "openmatrix": "", "orca": "", "pandas": "", "psutil": "", "pyarrow": "", "pytables": "", "pytest": "", "pyyaml": "", "requests": "", "ruamel.yaml": "", "toolz": ""}, "requirements": {"coverage": "", "cytoolz": "", "numba": "", "numpy": "", "openmatrix": "", "orca": "", "pandas": "", "psutil": "", "pyarrow": "", "pytables": "", "pytest": "", "pyyaml": "", "requests": "", "ruamel.yaml": "", "toolz": ""}, "commit_hash": "ff0345c72f3bd4a8d20041208c363e885575f785", "date": 1631139587000, "env_name": "conda-py3.9-coverage-cytoolz-numba-numpy-openmatrix-orca-pandas-psutil-pyarrow-pytables-pytest-pyyaml-requests-ruamel.yaml-toolz", "python": "3.9", "profiles": {}, "started_at": {"sandag2.time_auto_ownership_simulate.time_component": 1631149236289, "sandag2.time_cdap_simulate.time_component": 1631149432018, "sandag2.time_free_parking.time_component": 1631150689545, "sandag2.time_school_location.time_component": 1631150884878, "sandag2.time_workplace_location.time_component": 1631151275548}, "ended_at": {"sandag2.time_auto_ownership_simulate.time_component": 1631149432018, "sandag2.time_cdap_simulate.time_component": 1631150689544, "sandag2.time_free_parking.time_component": 1631150884878, "sandag2.time_school_location.time_component": 1631151275548, "sandag2.time_workplace_location.time_component": 1631151922966}, "benchmark_version": {"sandag2.time_auto_ownership_simulate.time_component": "4026b996326d65f894988d4a9e86d1efc4feae467d90bbd2921483f58b51feb1", "sandag2.time_cdap_simulate.time_component": "4026b996326d65f894988d4a9e86d1efc4feae467d90bbd2921483f58b51feb1", "sandag2.time_free_parking.time_component": "4026b996326d65f894988d4a9e86d1efc4feae467d90bbd2921483f58b51feb1", "sandag2.time_school_location.time_component": "4026b996326d65f894988d4a9e86d1efc4feae467d90bbd2921483f58b51feb1", "sandag2.time_workplace_location.time_component": "4026b996326d65f894988d4a9e86d1efc4feae467d90bbd2921483f58b51feb1"}, "version": 1}